3279,12,1,-0.02,96564.16,65.24,7.83,235954 ,-1,-1,-1,0,378,-543,0,1,-1
3279,13,2,0.55,96557.48,65.26,8.32,235954 ,-1,-1,-1,0,431,-528,0,1,-1
3279,14,3,0.64,96556.53,65.27,8.34,235955 ,-1,-1,-1,0,415,-548,0,1,-1
3279,15,4,0.20,96561.61,65.28,8.63,235956 ,-1,-1,-1,0,405,-552,0,1,30
3279,16,5,0.72,96555.52,65.28,8.20,235957 ,-1,-1,-1,0,417,-551,0,1,24
3279,17,6,0.21,96561.47,65.30,8.24,235958 ,-1,-1,-1,0,416,-560,0,1,23
3279,18,7,-0.12,96565.25,65.31,8.40,235959 ,-1,-1,-1,0,408,-554,0,1,18
3279,19,8,-0.15,96565.62,65.32,8.24,000000 ,-1,-1,-1,0,403,-556,0,1,14
3279,20,9,0.12,96562.53,65.33,8.16,000001 ,-1,-1,-1,0,401,-576,0,1,11
3279,21,10,-0.25,96566.78,65.33,8.55,000002 ,-1,-1,-1,0,416,-583,0,1,14
3279,22,11,-0.02,96564.09,65.34,8.33,000003 ,-1,-1,-1,0,442,-606,0,1,31
3279,23,12,-0.28,96567.12,65.34,8.34,000004 ,-1,-1,-1,0,503,-645,0,1,38
3279,24,13,0.59,96557.08,65.35,8.49,000005 ,-1,-1,-1,0,515,-669,0,1,42
3279,25,14,-0.16,96565.77,65.35,8.35,000006 ,-1,-1,-1,0,519,-674,0,1,43
3279,26,15,0.10,96562.73,65.35,8.44,000007 ,-1,-1,-1,0,522,-659,0,1,40
3279,27,16,-0.35,96567.90,65.36,8.42,000008 ,-1,-1,-1,0,460,-595,0,1,40
3279,28,17,-0.57,96570.52,65.36,8.36,000009 ,-1,-1,-1,0,521,-673,0,1,40
3279,29,18,-23.97,96841.12,65.36,8.14,000010 ,-1,-1,-1,0,534,-683,0,1,40
3279,30,19,0.48,96558.28,65.36,8.31,000011 ,-1,-1,-1,0,533,-645,0,1,42
3279,31,20,0.15,96562.20,65.36,8.50,000012 ,-1,-1,-1,0,508,-684,0,1,49
3279,32,21,0.30,96560.46,65.36,8.27,000013 ,-1,-1,-1,0,505,-667,0,1,2
3279,33,22,0.56,96557.38,65.36,8.21,000014 ,-1,-1,-1,0,462,-627,0,1,-15
3279,34,23,-0.11,96565.20,65.36,8.16,000015 ,-1,-1,-1,0,455,-650,0,1,-29
3279,35,24,-0.11,96565.20,65.36,8.47,000016 ,-1,-1,-1,0,465,-597,0,1,-40
3279,36,25,-0.04,96564.38,65.36,8.29,000017 ,-1,-1,-1,0,464,-569,0,1,-58
3279,37,26,-0.04,96564.33,65.37,8.22,000018 ,-1,-1,-1,0,469,-574,0,1,-56
3279,38,27,-0.22,96566.45,65.37,8.43,000019 ,-1,-1,-1,0,469,-559,0,1,-55
3279,39,28,0.49,96558.20,65.37,8.31,000020 ,-1,-1,-1,0,475,-528,0,1,-56
3279,40,29,-0.19,96566.02,65.37,8.47,000021 ,-1,-1,-1,0,473,-535,0,1,-51
3279,41,30,0.15,96562.11,65.37,8.13,000022 ,-1,-1,-1,0,484,-533,0,1,-44
3279,42,31,0.04,96563.36,65.38,8.26,000023 ,-1,-1,-1,0,466,-562,0,1,-41
3279,43,32,-0.75,96572.50,65.38,8.25,000024 ,-1,-1,-1,0,468,-556,0,1,-42
3279,44,33,-1.27,96578.59,65.37,8.37,000025 ,-1,-1,-1,0,463,-573,0,1,-43
3279,45,34,-1.65,96582.94,65.38,8.50,000026 ,-1,-1,-1,0,470,-540,0,1,-44
3279,46,35,-0.93,96574.62,65.38,8.42,000027 ,-1,-1,-1,0,489,-494,0,1,-45
3279,47,36,-1.46,96580.73,65.38,8.26,000028 ,-1,-1,-1,0,479,-556,0,1,-43
3279,48,37,-0.06,96564.61,65.38,8.13,000029 ,-1,-1,-1,0,486,-560,0,1,-42
3279,49,38,-1.07,96576.28,65.39,8.36,000030 ,-1,-1,-1,0,476,-551,0,1,-45
3279,50,39,-1.60,96582.41,65.39,8.30,000031 ,-1,-1,-1,0,479,-549,0,1,-55
3279,51,40,-0.17,96565.83,65.39,8.30,000032 ,-1,-1,-1,0,479,-630,0,1,-70
3279,52,41,-0.51,96569.75,65.39,8.36,000033 ,-1,-1,-1,0,467,-574,0,1,-69
3279,53,42,-0.50,96569.70,65.40,8.15,000034 ,-1,-1,-1,0,471,-539,0,1,-66
3279,54,43,-0.62,96571.00,65.40,7.95,000035 ,-1,-1,-1,0,482,-493,0,1,-55
3279,55,44,-0.16,96565.78,65.40,8.29,000036 ,-1,-1,-1,0,480,-502,0,1,-45
3279,56,45,-0.96,96574.92,65.40,8.44,000037 ,-1,-1,-1,0,473,-523,0,1,-48
3279,57,46,-0.80,96573.13,65.40,8.17,185456 ,-1,-1,-1,0,464,-542,0,1,-45
3279,58,47,-1.59,96582.19,65.41,8.50,185457 ,-1,-1,-1,0,472,-517,0,1,-40
3279,59,48,-1.63,96582.66,65.41,8.43,185458 ,-1,-1,-1,0,476,-534,0,1,-43
3279,60,49,-1.81,96584.80,65.41,8.45,185459 ,-1,-1,-1,0,476,-543,0,1,-44
3279,61,50,-1.62,96582.61,65.41,8.37,185500 ,-1,-1,-1,0,470,-514,0,1,-46
3279,62,51,-1.99,96586.92,65.42,8.25,185501 ,-1,-1,-1,0,474,-519,0,1,-49
3279,63,52,-1.09,96576.48,65.42,8.40,185502 ,-1,-1,-1,0,474,-533,0,1,-53
3279,64,53,-1.24,96578.21,65.42,8.49,185503 ,-1,-1,-1,0,480,-517,0,1,-54
3279,65,54,-2.18,96589.09,65.42,8.29,185504 ,-1,-1,-1,0,470,-501,0,1,-49
3279,66,55,-1.99,96586.87,65.42,8.07,185505 ,-1,-1,-1,0,473,-491,0,1,-51
3279,67,56,-1.80,96584.69,65.43,8.24,185506 ,-1,-1,-1,0,464,-502,0,1,-49
3279,68,57,-1.87,96585.51,65.43,8.38,185507 ,-1,-1,-1,0,452,-487,0,1,-52
3279,69,58,-1.08,96576.38,65.43,8.56,185508 ,-1,-1,-1,0,467,-490,0,1,-57
3279,70,59,-0.97,96575.06,65.43,8.21,185509 ,-1,-1,-1,0,463,-505,0,1,-61
3279,71,60,-1.79,96584.60,65.43,8.34,185510 ,-1,-1,-1,0,453,-497,0,1,-57
3279,72,61,-1.65,96582.91,65.43,8.40,185511 ,-1,-1,-1,0,466,-497,0,1,-52
3279,73,62,-1.90,96585.85,65.44,8.43,185512 ,-1,-1,-1,0,465,-494,0,1,-50
3279,74,63,-2.32,96590.64,65.44,8.19,185513 ,-1,-1,-1,0,447,-489,0,1,-57
3279,75,64,-2.16,96588.86,65.44,8.22,185514 ,-1,-1,-1,0,444,-477,0,1,-50
3279,76,65,-2.12,96588.38,65.45,8.42,185514 ,-1,-1,-1,0,460,-487,0,1,-45
3279,76,66,-1.44,96580.55,65.45,8.43,185515 ,-1,-1,-1,0,447,-488,0,1,-50
3279,77,67,-1.90,96585.85,65.44,8.10,185516 ,-1,-1,-1,0,460,-478,0,1,-41
3279,78,68,-2.54,96593.20,65.44,8.41,185518 ,-1,-1,-1,0,452,-476,0,1,-47
3279,79,69,-1.74,96583.98,65.45,8.23,185518 ,-1,-1,-1,0,437,-472,0,1,-55
3279,80,70,-1.29,96578.76,65.45,8.20,185519 ,-1,-1,-1,0,463,-489,0,1,-66
3279,81,71,-1.81,96584.84,65.46,8.27,185520 ,-1,-1,-1,0,481,-571,0,1,-69
3279,82,72,-2.19,96589.14,65.46,8.26,185521 ,-1,-1,-1,0,469,-505,0,1,-81
3279,83,73,-1.66,96583.05,65.46,8.25,185522 ,-1,-1,-1,0,471,-536,0,1,-74
3279,84,74,-1.58,96582.14,65.46,8.09,185524 ,-1,-1,-1,0,470,-500,0,1,-71
3279,85,75,-0.64,96571.30,65.46,8.40,185525 ,-1,-1,-1,0,470,-490,0,1,-69
3279,86,76,-1.62,96582.56,65.47,8.53,185526 ,-1,-1,-1,0,482,-500,0,1,-71
3279,87,77,-1.81,96584.75,65.46,7.91,185527 ,-1,-1,-1,0,462,-501,0,1,-67
3279,88,78,-1.24,96578.17,65.47,8.26,185528 ,-1,-1,-1,0,471,-496,0,1,-66
3279,89,79,-1.20,96577.69,65.48,8.00,185528 ,-1,-1,-1,0,465,-483,0,1,-65
3279,90,80,-1.20,96577.69,65.48,8.24,185529 ,-1,-1,-1,0,452,-485,0,1,-68
3279,91,81,-0.33,96567.64,65.48,8.47,185530 ,-1,-1,-1,0,469,-483,0,1,-65
3279,92,82,-1.27,96578.52,65.48,8.10,185531 ,-1,-1,-1,0,473,-487,0,1,-65
3279,93,83,-1.03,96575.81,65.49,8.32,185532 ,-1,-1,-1,0,462,-490,0,1,-60
3279,94,84,-1.00,96575.42,65.49,8.42,185533 ,-1,-1,-1,0,465,-497,0,1,-55
3279,95,85,-2.16,96588.81,65.50,7.97,185534 ,-1,-1,-1,0,470,-481,0,1,-49
3279,96,86,-1.59,96582.29,65.50,7.77,185535 ,-1,-1,-1,0,467,-497,0,1,-51
3279,97,87,-1.82,96584.95,65.49,8.20,185536 ,-1,-1,-1,0,451,-482,0,1,-60
3279,98,88,-1.28,96578.71,65.51,8.28,185537 ,-1,-1,-1,0,466,-498,0,1,-78
3279,99,89,-0.65,96571.36,65.50,8.39,185538 ,-1,-1,-1,0,471,-489,0,1,-70
3279,100,90,-0.83,96573.48,65.51,8.36,185539 ,-1,-1,-1,0,467,-489,0,1,-58
3279,101,91,-1.84,96585.19,65.51,8.23,185540 ,-1,-1,-1,0,476,-498,0,1,-49
3279,102,92,-2.26,96589.98,65.51,8.37,185541 ,-1,-1,-1,0,467,-505,0,1,-51
3279,103,93,-1.62,96582.58,65.51,8.19,185542 ,-1,-1,-1,0,453,-485,0,1,-52
3279,104,94,-1.77,96584.28,65.52,7.92,185543 ,-1,-1,-1,0,467,-499,0,1,-61
3279,105,95,-0.41,96568.61,65.52,8.33,185544 ,-1,-1,-1,0,482,-521,0,1,-64
3279,106,96,-0.98,96575.14,65.52,8.31,185545 ,-1,-1,-1,0,470,-512,0,1,-63
3279,107,97,-1.31,96579.00,65.52,8.08,185546 ,-1,-1,-1,0,451,-491,0,1,-61
3279,108,98,-1.04,96575.91,65.53,8.01,185547 ,-1,-1,-1,0,465,-476,0,1,-57
3279,109,99,-1.19,96577.64,65.53,8.21,185548 ,-1,-1,-1,0,445,-471,0,1,-54
3279,110,100,-0.74,96572.41,65.53,8.17,185549 ,-1,-1,-1,0,451,-481,0,1,-58
3279,111,101,-1.79,96584.56,65.53,8.39,185550 ,-1,-1,-1,0,471,-497,0,1,-61
3279,112,102,-1.59,96582.30,65.54,8.23,185551 ,-1,-1,-1,0,470,-511,0,1,-57
3279,113,103,-1.45,96580.59,65.54,8.11,185552 ,-1,-1,-1,0,464,-496,0,1,-60
3279,114,104,-1.45,96580.59,65.54,8.31,185553 ,-1,-1,-1,0,454,-494,0,1,-53
3279,115,105,-1.63,96582.72,65.55,7.94,185554 ,-1,-1,-1,0,471,-486,0,1,-61
3279,116,106,-1.40,96580.02,65.55,8.38,185555 ,-1,-1,-1,0,474,-505,0,1,-56
3279,117,107,-1.02,96575.62,65.56,8.18,185556 ,-1,-1,-1,0,464,-490,0,1,-56
3279,118,108,-1.55,96581.75,65.56,8.32,185557 ,-1,-1,-1,0,476,-514,0,1,-55
3279,119,109,-1.39,96579.97,65.56,8.06,185558 ,-1,-1,-1,0,474,-539,0,1,-53
3279,120,110,-1.36,96579.55,65.56,8.35,185559 ,-1,-1,-1,0,480,-521,0,1,-55
3279,121,111,-1.43,96580.40,65.56,7.96,185600 ,-1,-1,-1,0,476,-529,0,1,-50
3279,122,112,-0.56,96570.38,65.57,8.21,185601 ,-1,-1,-1,0,477,-539,0,1,-50
3279,123,113,-2.32,96590.73,65.58,8.13,185602 ,-1,-1,-1,0,470,-558,0,1,-54
3279,124,114,-1.76,96584.27,65.57,8.05,185603 ,-1,-1,-1,0,466,-536,0,1,-51
3279,125,115,-2.59,96593.75,65.58,7.97,185604 ,-1,-1,-1,0,472,-542,0,1,-48
3279,126,116,-2.59,96593.75,65.58,8.32,185605 ,-1,-1,-1,0,467,-533,0,1,-48
3279,127,117,-2.16,96588.86,65.59,8.29,185606 ,-1,-1,-1,0,466,-537,0,1,-48
3279,128,118,-2.35,96591.08,65.59,8.18,185607 ,-1,-1,-1,0,470,-547,0,1,-48
3279,129,119,-2.00,96587.02,65.60,8.25,185608 ,-1,-1,-1,0,457,-562,0,1,-47
3279,130,120,-2.46,96592.25,65.60,8.05,185609 ,-1,-1,-1,0,468,-523,0,1,-43
3279,131,121,-2.65,96594.46,65.60,8.37,185610 ,-1,-1,-1,0,469,-500,0,1,-46
3279,132,122,-2.34,96590.94,65.60,8.34,185611 ,-1,-1,-1,0,470,-511,0,1,-45
3279,133,123,-2.53,96593.06,65.61,8.30,185612 ,-1,-1,-1,0,472,-522,0,1,-42
3279,134,124,-1.96,96586.48,65.61,8.28,185613 ,-1,-1,-1,0,472,-518,0,1,-40
3279,135,125,-2.18,96589.09,65.61,8.41,185614 ,-1,-1,-1,0,469,-514,0,1,-47
3279,136,126,-1.99,96586.88,65.62,8.06,185615 ,-1,-1,-1,0,465,-507,0,1,-43
3279,137,127,-2.40,96591.62,65.62,8.16,185616 ,-1,-1,-1,0,478,-533,0,1,-39
3279,138,128,-1.79,96584.61,65.63,8.18,185617 ,-1,-1,-1,0,475,-507,0,1,-36
3279,139,129,-2.17,96588.95,65.63,8.16,185618 ,-1,-1,-1,0,468,-500,0,1,-37
3279,140,130,-2.43,96591.97,65.63,8.29,185619 ,-1,-1,-1,0,474,-511,0,1,-41
3279,141,131,-2.05,96587.59,65.64,8.19,185620 ,-1,-1,-1,0,467,-532,0,1,-42
3279,142,132,-2.39,96591.52,65.64,8.14,185621 ,-1,-1,-1,0,468,-527,0,1,-43
3279,143,133,-2.12,96588.42,65.64,7.93,185622 ,-1,-1,-1,0,468,-517,0,1,-47
3279,144,134,-2.16,96588.81,65.64,8.16,185623 ,-1,-1,-1,0,465,-554,0,1,-51
3279,145,135,-2.23,96589.64,65.65,7.88,185624 ,-1,-1,-1,0,463,-534,0,1,-48
3279,146,136,-2.49,96592.67,65.65,8.11,185625 ,-1,-1,-1,0,474,-513,0,1,-55
3279,147,137,-2.41,96591.77,65.65,7.87,185626 ,-1,-1,-1,0,469,-516,0,1,-49
3279,148,138,-2.53,96593.07,65.65,8.16,185627 ,-1,-1,-1,0,467,-519,0,1,-43
3279,149,139,-2.44,96592.11,65.66,8.07,185628 ,-1,-1,-1,0,463,-541,0,1,-44
3279,150,140,-2.48,96592.53,65.67,8.32,185629 ,-1,-1,-1,0,449,-562,0,1,-61
3279,151,141,-2.89,96597.28,65.67,8.07,185630 ,-1,-1,-1,0,457,-510,0,1,-69
3279,152,142,-2.44,96587.26,65.67,8.12,185631 ,-1,-1,-1,0,456,-551,0,1,-70
3279,153,143,-2.40,96591.58,65.68,8.33,185632 ,-1,-1,-1,0,462,-524,0,1,-71
3279,154,144,-1.87,96585.47,65.68,8.22,185633 ,-1,-1,-1,0,459,-504,0,1,-70
3279,155,145,-2.35,96591.03,65.69,8.29,185634 ,-1,-1,-1,0,482,-523,0,1,-76
3279,156,146,-1.68,96583.25,65.68,8.24,185635 ,-1,-1,-1,0,472,-505,0,1,-73
3279,157,147,-1.60,96582.38,65.68,7.98,185636 ,-1,-1,-1,0,460,-476,0,1,-63
3279,158,148,-1.66,96583.11,65.69,8.11,185637 ,-1,-1,-1,0,469,-517,0,1,-59
3279,159,149,-1.70,96583.55,65.70,8.43,185638 ,-1,-1,-1,0,471,-525,0,1,-56
3279,160,150,-2.30,96590.47,65.70,7.96,185639 ,-1,-1,-1,0,471,-520,0,1,-54
3279,161,151,-1.89,96585.67,65.70,8.28,185640 ,-1,-1,-1,0,474,-525,0,1,-54
3279,161,152,-1.73,96583.88,65.71,7.93,185641 ,-1,-1,-1,0,466,-551,0,1,-57
3279,162,153,-2.40,96591.66,65.71,8.17,185642 ,-1,-1,-1,0,472,-506,0,1,-62
3279,163,154,-1.76,96584.22,65.72,8.22,185643 ,-1,-1,-1,0,483,-519,0,1,-68
3279,164,155,-1.16,96577.30,65.71,8.19,185643 ,-1,-1,-1,0,472,-522,0,1,-58
3279,165,156,-1.95,96586.35,65.72,8.30,185644 ,-1,-1,-1,0,472,-539,0,1,-60
3279,166,157,-2.02,96587.18,65.73,8.09,185645 ,-1,-1,-1,0,470,-562,0,1,-57
3279,167,158,-2.73,96595.44,65.73,8.08,185646 ,-1,-1,-1,0,471,-544,0,1,-56
3279,168,159,-2.58,96593.66,65.73,8.28,185648 ,-1,-1,-1,0,469,-550,0,1,-48
3279,169,160,-2.39,96591.44,65.74,8.27,185648 ,-1,-1,-1,3,475,-535,0,1,-54
3279,170,161,-1.74,96584.03,65.74,8.15,185649 ,-1,-1,-1,3,462,-583,0,1,-62
3279,171,162,-1.82,96584.85,65.74,8.00,185651 ,-1,-1,-1,3,479,-544,0,1,-65
3279,172,163,-2.11,96588.28,65.75,8.12,185652 ,32.239922,-98.198654,172.6,3,473,-561,0,1,-71
3279,173,164,-2.37,96591.24,65.76,8.26,185653 ,32.239914,-98.198669,172.7,3,469,-528,0,1,-83
3279,174,165,-2.00,96586.93,65.76,8.21,185654 ,32.239918,-98.198677,172.8,3,474,-542,0,1,83
3279,175,166,-2.71,96595.16,65.76,8.19,185654 ,32.239979,-98.198708,172.8,3,461,-563,0,1,44
3279,176,167,-1.43,96580.40,65.77,8.02,185656 ,32.239990,-98.198715,179.7,4,519,-676,0,1,35
3279,177,168,-0.97,96575.08,65.76,8.12,185657 ,32.240002,-98.198723,181.1,4,527,-674,0,1,45
3279,178,169,-0.66,96571.51,65.77,8.37,185658 ,32.240028,-98.198738,183.9,4,210,-682,0,1,63
3279,179,170,-0.63,96571.11,65.77,8.20,185659 ,32.240028,-98.198761,185.2,4,220,-483,0,1,-76
3279,180,171,-1.00,96575.38,65.78,8.28,185700 ,32.240044,-98.198769,187.6,4,284,-565,0,1,-67
3279,181,172,-1.00,96575.38,65.78,8.09,185701 ,32.240059,-98.198792,188.7,4,329,-611,0,1,-41
3279,182,173,-0.92,96574.49,65.78,8.21,185702 ,32.240082,-98.198822,191.2,4,399,-578,0,1,-31
3279,183,174,-1.51,96581.36,65.79,7.75,185703 ,32.240108,-98.198853,193.6,4,418,-569,0,1,-27
3279,184,175,-1.21,96577.84,65.80,8.35,185704 ,32.240128,-98.198860,195.8,4,420,-567,0,1,-28
3279,185,176,-1.05,96576.05,65.80,7.99,185705 ,32.240143,-98.198883,197.5,4,420,-558,0,1,-27
3279,186,177,-1.95,96586.45,65.81,8.23,185706 ,32.240162,-98.198898,199.1,4,416,-559,0,1,-28
3279,187,178,-0.48,96569.47,65.81,8.32,185707 ,32.240177,-98.198936,201.0,4,428,-559,0,1,-27
3279,188,179,-1.46,96580.73,65.81,8.52,185708 ,32.240208,-98.198990,204.5,4,418,-563,0,1,-25
3279,189,180,-1.46,96580.73,65.81,8.08,185709 ,32.240227,-98.199005,206.1,4,424,-565,0,1,-29
3279,190,181,-1.31,96578.95,65.82,8.25,185710 ,32.240242,-98.199028,207.9,4,421,-563,0,1,-26
3279,192,182,-1.11,96576.67,65.83,7.83,185711 ,32.240265,-98.199043,210.0,4,412,-557,0,1,-28
3279,193,183,-1.56,96581.91,65.83,8.17,185712 ,32.240276,-98.199043,210.6,4,418,-565,0,1,-29
3279,194,184,-1.52,96581.42,65.83,8.26,185713 ,32.240280,-98.199051,212.2,4,411,-570,0,1,-29
3279,195,185,-1.25,96578.33,65.84,8.11,185714 ,32.240292,-98.199051,213.7,4,410,-566,0,1,-31
3279,196,186,-0.79,96573.05,65.84,8.08,185715 ,32.240303,-98.199059,215.4,4,401,-568,0,1,-31
3279,197,187,-0.94,96574.75,65.85,8.30,185716 ,32.240299,-98.199074,216.2,4,401,-571,0,1,-29
3279,198,188,-1.77,96584.32,65.85,7.89,185717 ,32.240299,-98.199089,217.2,4,407,-569,0,1,-17
3279,199,189,-2.11,96588.23,65.85,8.22,185718 ,32.240288,-98.199066,219.8,4,433,-559,0,1,-15
3279,200,190,-1.13,96576.91,65.85,8.32,185719 ,32.240295,-98.199074,221.5,4,458,-590,0,1,-10
3279,201,191,-0.89,96574.20,65.86,8.24,185720 ,32.240288,-98.199051,221.9,4,510,-650,0,1,-8
3279,203,192,-1.08,96576.28,65.87,8.06,-1,-1,-1,-1,-1,-172,-163,0,1,-1
3279,204,193,-1.49,96581.03,65.88,8.19,185723 ,-1,-1,-1,3,-111,-163,0,1,-1
3279,205,194,-1.15,96577.11,65.88,8.22,185724 ,-1,-1,-1,4,-177,-161,0,1,-1
3279,206,195,-1.56,96581.84,65.88,8.42,185725 ,-1,-1,-1,4,-126,-163,0,1,-1
3279,207,196,-1.18,96577.45,65.89,8.23,185725 ,-1,-1,-1,4,-170,-163,0,1,-1
3279,208,197,-1.21,96577.88,65.89,8.13,185727 ,32.240582,-98.198654,223.2,4,-176,-163,0,1,-1
3279,209,198,-1.40,96580.01,65.89,8.31,185728 ,32.240547,-98.198708,223.2,4,-120,-163,0,1,-1
3279,210,199,-1.09,96576.48,65.90,8.46,185729 ,32.240505,-98.198761,223.2,4,-156,-163,0,1,-1
3279,211,200,-1.13,96576.91,65.90,8.18,185730 ,32.240490,-98.198776,223.3,4,-177,-162,0,1,-1
3279,212,201,-1.12,96576.82,65.91,8.36,185731 ,32.240467,-98.198799,223.4,4,-177,-163,0,1,-1
3279,213,202,-0.74,96572.42,65.91,8.32,185732 ,32.240479,-98.198792,223.5,4,-127,-164,0,1,-1
3279,214,203,-0.96,96574.98,65.92,8.39,185733 ,32.240490,-98.198769,223.6,4,-145,-163,0,1,-1
3279,215,204,-0.54,96570.14,65.92,8.52,185734 ,32.240494,-98.198753,223.7,4,-176,-162,0,1,-1
3279,216,205,-1.07,96576.23,65.93,8.03,185735 ,32.240498,-98.198746,223.7,4,-134,-162,0,1,-1
3279,216,206,-0.98,96575.17,65.94,8.19,185736 ,32.240509,-98.198730,223.8,4,-72,-162,0,1,-1
3279,217,207,-0.94,96574.69,65.95,8.40,185737 ,32.240528,-98.198715,223.8,4,-67,-161,0,1,-1
3279,218,208,-1.05,96575.94,65.95,8.35,185737 ,32.240528,-98.198715,223.8,4,-87,-161,0,1,-1
3279,219,209,-0.30,96567.28,65.95,8.27,185738 ,32.240543,-98.198700,223.9,4,-96,-164,0,1,-1
3279,220,210,-0.97,96575.06,65.96,8.26,185739 ,32.240551,-98.198685,223.9,4,-135,-162,0,1,-1
3279,221,211,-0.52,96569.84,65.96,8.22,185740 ,32.240559,-98.198669,223.9,4,-12,-163,0,1,0
3279,222,212,-0.97,96575.06,65.96,8.19,185741 ,32.240566,-98.198654,224.0,4,-86,-160,0,1,-1
3279,223,213,-0.62,96571.00,65.97,8.23,185742 ,32.240570,-98.198647,224.1,4,12,-162,0,1,-1
3279,224,214,-1.14,96577.05,65.98,8.33,185743 ,32.240570,-98.198631,224.0,4,-52,-162,0,1,-1
3279,225,215,0.21,96561.38,65.98,8.17,185744 ,32.240566,-98.198631,224.0,4,-171,-163,0,1,-13
3279,226,216,-1.13,96576.96,65.98,8.23,185745 ,32.240566,-98.198624,223.9,4,-177,-161,0,1,-14
3279,227,217,-0.12,96565.20,65.98,8.29,185746 ,32.240559,-98.198624,223.9,4,-177,-162,0,1,-14
3279,228,218,-0.45,96569.07,65.99,8.10,185747 ,32.240555,-98.198624,223.8,4,-177,-163,0,1,-14
3279,229,219,-0.15,96565.58,65.99,8.17,185748 ,32.240551,-98.198631,223.7,4,-173,-162,0,1,-14
3279,230,220,-0.36,96568.05,66.01,8.13,185749 ,32.240551,-98.198624,223.7,4,-165,-162,0,1,-15
3279,231,221,-0.14,96565.44,66.01,8.13,185750 ,32.240555,-98.198624,223.6,4,-92,-164,0,1,-14
3279,232,222,0.85,96554.06,66.01,8.33,185751 ,32.240559,-98.198624,223.6,4,-93,-162,0,1,-15
3279,233,223,-0.32,96567.56,66.01,8.06,185752 ,32.240562,-98.198616,223.5,4,-63,-163,0,1,-15
3279,234,224,-0.99,96575.31,66.02,8.36,185753 ,32.240562,-98.198608,223.5,4,-77,-160,0,1,-15
3279,235,225,-1.25,96578.35,66.02,8.27,185754 ,32.240559,-98.198608,223.4,4,-144,-160,0,1,-16
3279,236,226,-0.31,96567.42,66.03,8.20,185755 ,32.240559,-98.198608,223.4,4,-170,-162,0,1,-16
3279,237,227,-0.69,96571.77,66.03,8.29,185756 ,32.240570,-98.198586,223.4,4,-24,-162,0,1,-16
3279,238,228,-0.79,96572.98,66.04,8.12,185757 ,32.240582,-98.198570,223.3,4,-178,-162,0,1,-16
3279,239,229,-0.98,96575.12,66.04,8.07,185758 ,32.240589,-98.198563,223.3,4,-177,-162,0,1,-16
3279,240,230,-0.79,96572.97,66.05,8.14,185759 ,32.240593,-98.198555,223.2,4,-163,-161,0,1,-17
3279,241,231,-1.19,96577.62,66.06,8.28,185800 ,32.240597,-98.198540,223.2,4,-144,-163,0,1,-17
3279,242,232,-0.81,96573.22,66.06,8.24,185801 ,32.240646,-98.198753,223.5,5,-178,-162,0,1,-17
3279,243,233,-0.77,96572.77,66.07,8.16,185802 ,32.240479,-98.200142,223.5,5,-164,-162,0,1,-18
3279,244,234,-0.92,96574.46,66.07,8.32,185802 ,32.240479,-98.200142,223.5,5,-75,-161,0,1,-17
3279,245,235,-0.13,96565.32,66.07,8.24,185802 ,32.240479,-98.200142,223.5,5,-94,-161,0,1,-18
3279,246,236,-0.80,96573.11,66.08,8.42,185802 ,32.240479,-98.200142,223.5,5,-124,-162,0,1,-18
3279,247,237,-0.27,96566.97,66.08,8.25,185802 ,32.240479,-98.200142,223.5,5,-136,-162,0,1,-18
3279,248,238,-0.68,96571.71,66.08,8.22,185807 ,32.240246,-98.200180,223.5,5,-24,-160,0,1,-18
3279,249,239,-0.19,96566.00,66.09,8.14,185807 ,32.240246,-98.200180,223.5,5,-161,-162,0,1,-18
3279,250,240,-1.01,96575.48,66.10,8.10,185807 ,32.240246,-98.200180,223.5,5,-160,-162,0,1,-19
3279,251,241,0.16,96561.97,66.10,8.31,185810 ,32.240208,-98.200180,223.0,5,-173,-162,0,1,-19
3279,252,242,-0.78,96572.81,66.11,8.29,185811 ,32.240208,-98.200172,223.0,5,-175,-163,0,1,-19
3279,253,243,-0.66,96571.51,66.11,8.21,185812 ,32.240196,-98.200172,223.0,5,-176,-163,0,1,-20
3279,254,244,-0.85,96573.64,66.11,8.16,185812 ,32.240196,-98.200172,223.0,5,-173,-162,0,1,-20
3279,255,245,-0.77,96572.76,66.11,8.36,185814 ,32.240189,-98.200172,222.9,5,-140,-162,0,1,-20
3279,256,246,-0.42,96568.75,66.12,8.13,185815 ,32.240185,-98.200165,222.9,5,-138,-162,0,1,-20
3279,257,247,-0.76,96572.62,66.13,8.27,185816 ,32.240181,-98.200165,222.9,5,-178,-162,0,1,-20
3279,258,248,-0.79,96573.02,66.13,8.02,185817 ,32.240177,-98.200165,222.9,5,-151,-162,0,1,-21
3279,259,249,-0.64,96571.22,66.14,8.29,185818 ,32.240177,-98.200157,222.9,5,-156,-162,0,1,-21
3279,260,250,-0.67,96571.65,66.14,8.38,185819 ,32.240448,-98.199959,222.9,6,-176,-162,0,1,-21
3279,261,251,-0.26,96566.84,66.14,8.45,185820 ,32.240547,-98.199890,223.0,6,-146,-163,0,1,-21
3279,262,252,-0.56,96570.28,66.15,8.16,185821 ,32.240589,-98.199852,223.0,6,-159,-163,0,1,-22
3279,263,253,-0.93,96574.55,66.16,8.09,185822 ,32.240620,-98.199829,223.0,6,-164,-164,0,1,-21
3279,264,254,-1.00,96575.38,66.16,8.22,185823 ,32.240635,-98.199814,223.0,6,-86,-161,0,1,-23
3279,265,255,-0.54,96570.14,66.16,8.34,185824 ,32.240677,-98.199799,223.0,6,-174,-161,0,1,-23
3279,266,256,-0.23,96566.56,66.17,8.13,185825 ,32.240700,-98.199799,223.0,6,-91,-162,0,1,-23
3279,267,257,-0.62,96570.97,66.17,8.36,185827 ,32.240730,-98.199783,223.1,6,-177,-162,0,1,-23
3279,268,258,-0.98,96575.23,66.17,8.29,185828 ,32.240742,-98.199776,223.1,6,-156,-163,0,1,-22
3279,269,259,-0.98,96575.17,66.18,8.22,185829 ,32.240757,-98.199768,223.2,6,-176,-162,0,1,-23
3279,270,260,-1.01,96575.56,66.18,8.39,185830 ,32.240772,-98.199768,223.2,6,-125,-163,0,1,-23
3279,271,261,-0.94,96574.69,66.19,8.24,185831 ,32.240780,-98.199760,223.2,6,-139,-163,0,1,-24
3279,272,262,-1.12,96576.81,66.19,8.31,185832 ,32.240791,-98.199760,223.3,6,-140,-163,0,1,-24
3279,273,263,-0.74,96572.41,66.20,8.14,185833 ,32.240795,-98.199760,223.3,6,-172,-162,0,1,-24
3279,274,264,-0.59,96570.62,66.20,8.14,185834 ,32.240791,-98.199753,223.3,6,-163,-162,0,1,-24
3279,275,265,-1.26,96578.41,66.21,8.38,185835 ,32.240791,-98.199753,223.4,6,-174,-164,0,1,-25
3279,276,266,-0.99,96575.30,66.21,8.14,185836 ,32.240791,-98.199753,223.4,6,-167,-162,0,1,-25
3279,277,267,-0.91,96574.39,66.22,8.22,185837 ,32.240788,-98.199753,223.5,6,-176,-162,0,1,-25
3279,278,268,-0.80,96573.09,66.22,8.03,185838 ,32.240788,-98.199745,223.5,6,-176,-162,0,1,-25
3279,279,269,-0.64,96571.24,66.23,8.45,185839 ,32.240784,-98.199745,223.5,6,-156,-161,0,1,-24
3279,280,270,-1.12,96576.81,66.24,8.41,185840 ,32.240784,-98.199745,223.6,6,-146,-165,0,1,-26
3279,281,271,-0.93,96574.59,66.24,8.30,185840 ,32.240784,-98.199745,223.6,6,-159,-162,0,1,-28
3279,282,272,-0.78,96572.83,66.25,8.30,185841 ,32.240784,-98.199745,223.6,6,-145,-162,0,1,-27
3279,283,273,-1.07,96576.27,66.25,8.33,185842 ,32.240780,-98.199745,223.6,6,-75,-160,0,1,-27
3279,284,274,-0.66,96571.44,66.25,8.10,185843 ,32.240780,-98.199745,223.7,6,-109,-161,0,1,-27
3279,285,275,0.03,96563.54,66.26,8.09,185844 ,32.240780,-98.199753,223.8,6,-59,-163,0,1,0
3279,286,276,-0.16,96565.67,66.27,8.26,185845 ,32.240780,-98.199745,223.8,6,-19,-160,0,1,-27
3279,287,277,-0.53,96569.98,66.27,8.44,185846 ,32.240780,-98.199745,223.9,6,-33,-165,0,1,-27
3279,288,278,0.07,96563.05,66.27,7.94,185847 ,32.240780,-98.199745,223.9,6,-16,-163,0,1,-26
3279,289,279,-0.67,96571.62,66.28,8.16,185848 ,32.240780,-98.199745,224.0,6,-145,-164,0,1,-26
3279,290,280,-0.79,96572.94,66.28,8.15,185849 ,32.240780,-98.199745,224.0,6,-62,-164,0,1,-25
3279,291,281,-0.17,96565.86,66.29,8.16,185850 ,32.240776,-98.199753,224.0,6,-129,-163,0,1,-24
3279,292,282,-0.51,96569.78,66.29,8.34,185851 ,32.240780,-98.199753,224.0,6,-69,-162,0,1,-24
3279,293,283,-0.62,96571.03,66.30,8.05,185852 ,32.240780,-98.199753,224.0,6,-104,-162,0,1,-25
3279,294,284,-0.32,96567.50,66.30,8.16,185853 ,32.240788,-98.199753,224.0,6,-102,-165,0,1,-25
3279,295,285,-0.46,96569.15,66.31,8.23,185854 ,32.240788,-98.199753,224.0,6,-104,-161,0,1,-26
3279,296,286,-0.65,96571.38,66.31,8.20,185855 ,32.240795,-98.199753,224.0,6,-46,-160,0,1,-26
3279,297,287,-0.72,96572.19,66.31,8.28,185855 ,32.240795,-98.199753,224.0,6,-103,-162,0,1,-26
3279,298,288,-0.79,96573.02,66.32,8.35,185857 ,32.240799,-98.199745,224.0,6,-138,-161,0,1,-28
3279,299,289,-0.86,96573.84,66.32,8.39,185858 ,32.240803,-98.199745,224.0,6,-176,-163,0,1,-28
3279,300,290,-0.86,96573.84,66.32,8.30,185858 ,32.240803,-98.199745,224.0,6,-177,-163,0,1,-28
3279,301,291,-1.01,96575.48,66.33,8.19,185858 ,32.240803,-98.199745,224.0,6,-177,-163,0,1,-29
3279,302,292,-0.51,96569.77,66.34,8.16,185901 ,32.240795,-98.199745,224.0,6,-177,-163,0,1,-29
3279,303,293,-0.85,96573.64,66.34,8.22,185902 ,32.240795,-98.199745,224.0,6,-177,-163,0,1,-30
3279,304,294,-0.92,96574.52,66.34,8.18,185902 ,32.240795,-98.199745,224.0,6,-171,-163,0,1,-30
3279,305,295,-1.03,96575.77,66.35,8.07,185902 ,32.240795,-98.199745,224.0,6,-178,-162,0,1,-30
3279,306,296,-1.41,96580.12,66.35,8.39,185902 ,32.240795,-98.199745,224.0,6,-124,-162,0,1,-30
3279,307,297,-1.40,96580.03,66.36,8.26,185902 ,32.240795,-98.199745,224.0,6,-63,-162,0,1,-30
3279,308,298,-0.87,96573.92,66.36,8.13,185907 ,32.240749,-98.199730,224.0,6,-120,-163,0,1,-31
3279,309,299,-1.51,96581.28,66.37,8.28,185907 ,32.240749,-98.199730,224.0,6,-88,-163,0,1,-31
3279,310,300,-1.16,96577.27,66.37,8.09,185907 ,32.240749,-98.199730,224.0,6,-146,-162,0,1,-31
3279,311,301,-0.86,96573.77,66.38,8.14,185907 ,32.240749,-98.199730,224.0,6,-134,-162,0,1,-31
3279,312,302,-1.12,96576.78,66.38,8.26,185911 ,32.240704,-98.199707,226.3,6,-121,-163,0,1,-31
3279,313,303,-0.74,96572.38,66.38,8.09,185912 ,32.240696,-98.199699,226.4,6,-172,-163,0,1,-32
3279,314,304,-1.53,96581.47,66.39,8.12,185912 ,32.240696,-98.199699,226.4,6,-166,-163,0,1,-32
3279,315,305,-0.88,96574.05,66.39,8.13,185914 ,32.240681,-98.199692,226.8,6,-166,-162,0,1,-32
3279,316,306,-0.84,96573.57,66.40,8.26,185915 ,32.240673,-98.199692,227.0,6,-178,-162,0,1,-33
3279,317,307,-1.51,96581.33,66.40,8.13,185916 ,32.240669,-98.199684,227.1,6,-178,-163,0,1,-33
3279,318,308,-1.51,96581.33,66.40,8.35,185917 ,32.240662,-98.199684,227.3,6,-177,-163,0,1,-33
3279,319,309,-1.24,96578.23,66.41,8.33,185918 ,32.240658,-98.199677,227.6,6,-174,-163,0,1,-33
3279,320,310,-0.75,96572.52,66.41,8.17,185920 ,32.240620,-98.199722,228.6,7,-133,-163,0,1,-33
3279,321,311,-1.24,96578.17,66.42,8.16,185921 ,32.240604,-98.199738,228.9,7,-178,-163,0,1,-33
3279,322,312,-1.31,96579.00,66.42,8.27,185922 ,32.240593,-98.199753,229.2,7,-158,-163,0,1,-33
3279,323,313,-1.27,96578.52,66.43,8.31,185923 ,32.240582,-98.199760,229.5,7,-151,-163,0,1,-33
3279,325,314,-1.31,96578.94,66.43,8.41,185924 ,32.240578,-98.199768,229.8,7,-173,-162,0,1,-33
3279,326,315,-1.38,96579.77,66.43,8.36,185925 ,32.240570,-98.199776,230.1,7,-93,-163,0,1,-34
3279,327,316,-0.92,96574.44,66.44,8.11,185926 ,32.240566,-98.199783,230.4,7,-5,-160,0,1,-34
3279,328,317,-0.54,96570.12,66.44,8.09,185927 ,32.240562,-98.199791,230.7,7,-121,-163,0,1,-34
3279,329,318,-0.54,96570.03,66.45,8.10,185928 ,32.240555,-98.199799,231.0,7,-34,-160,0,1,-35
3279,330,319,-0.76,96572.65,66.45,8.40,185929 ,32.240551,-98.199806,231.3,7,-63,-162,0,1,-35
3279,331,320,-0.83,96573.41,66.46,8.25,185930 ,32.240547,-98.199806,231.5,7,-96,-161,0,1,-35
3279,332,321,-0.98,96575.16,66.46,8.13,185931 ,32.240543,-98.199814,231.8,7,-148,-162,0,1,-35
3279,333,322,-0.90,96574.24,66.46,8.27,185932 ,32.240540,-98.199821,232.1,7,-177,-163,0,1,-36
3279,334,323,-0.78,96572.88,66.47,8.28,185933 ,32.240532,-98.199821,232.3,7,-177,-163,0,1,-36
3279,335,324,-1.11,96576.70,66.48,8.21,185934 ,32.240528,-98.199821,232.6,7,-136,-163,0,1,-36
3279,336,325,-0.24,96566.67,66.48,8.35,185935 ,32.240528,-98.199829,232.8,7,-144,-162,0,1,-36
3279,337,326,-0.54,96570.11,66.49,8.18,185936 ,32.240528,-98.199829,233.1,7,-141,-162,0,1,-36
3279,338,327,-0.66,96571.42,66.49,8.21,185937 ,32.240524,-98.199829,233.3,7,-155,-163,0,1,-36
3279,339,328,-1.55,96581.80,66.49,8.23,185938 ,32.240520,-98.199829,233.5,7,-154,-162,0,1,-37
3279,340,329,-0.99,96575.25,66.49,8.23,185939 ,32.240520,-98.199837,233.8,7,-169,-163,0,1,-37
3279,341,330,-1.25,96578.24,66.50,8.29,185940 ,32.240517,-98.199837,234.1,7,-130,-162,0,1,-37
3279,342,331,-1.17,96577.33,66.51,8.38,185941 ,32.240517,-98.199837,234.4,7,13,-162,0,1,-37
3279,343,332,-1.43,96580.37,66.51,8.38,185942 ,32.240517,-98.199837,234.6,7,-138,-161,0,1,-38
3279,344,333,-1.09,96576.39,66.52,8.16,185943 ,32.240513,-98.199844,234.8,7,-172,-162,0,1,-38
3279,345,334,-0.67,96571.59,66.52,8.25,185944 ,32.240513,-98.199844,235.1,7,-167,-163,0,1,-38
3279,346,335,-0.74,96572.41,66.52,8.21,185945 ,32.240517,-98.199844,235.4,7,-158,-163,0,1,-39
3279,347,336,-0.88,96574.05,66.53,8.14,185946 ,32.240513,-98.199844,235.6,7,-168,-163,0,1,-39
3279,348,337,-1.00,96575.37,66.53,8.13,185947 ,32.240513,-98.199844,235.8,7,-176,-163,0,1,-39
3279,349,338,-1.11,96576.67,66.53,8.13,185948 ,32.240513,-98.199844,236.1,7,-172,-162,0,1,-40
3279,350,339,-1.03,96575.70,66.54,8.19,185949 ,32.240513,-98.199844,236.3,7,-178,-163,0,1,-40
3279,351,340,-1.01,96575.55,66.56,8.20,185950 ,32.240509,-98.199852,236.6,7,-178,-162,0,1,-40
3279,352,341,-1.21,96577.78,66.55,8.14,185951 ,32.240509,-98.199852,236.9,7,-166,-163,0,1,-40
3279,353,342,-0.74,96572.40,66.57,8.31,185952 ,32.240505,-98.199852,237.1,7,-161,-162,0,1,-40
3279,354,343,-0.97,96575.02,66.57,8.15,185953 ,32.240505,-98.199852,237.4,7,-169,-162,0,1,-40
3279,355,344,-1.04,96575.84,66.57,8.16,185954 ,32.240505,-98.199860,237.7,7,-99,-163,0,1,-40
3279,356,345,-1.30,96578.88,66.58,8.15,185955 ,32.240501,-98.199867,238.1,8,-133,-162,0,1,-41
3279,357,346,-1.03,96575.78,66.58,8.08,185956 ,32.240501,-98.199875,238.4,8,-176,-164,0,1,-41
3279,358,347,-1.90,96585.76,66.59,8.28,185957 ,32.240501,-98.199875,238.7,8,-150,-162,0,1,-42
3279,359,348,-1.36,96579.61,66.59,8.06,185958 ,32.240505,-98.199883,239.1,8,-178,-163,0,1,-42
3279,360,349,-1.17,96577.42,66.59,8.13,185959 ,32.240505,-98.199890,239.4,8,-156,-162,0,1,-42
3279,361,350,-1.36,96579.55,66.60,8.35,190000 ,32.240505,-98.199898,239.6,8,-88,-162,0,1,-42
3279,362,351,-0.75,96572.53,66.60,8.20,190001 ,32.240505,-98.199898,239.9,8,-57,-162,0,1,-41
3279,363,352,-1.12,96576.80,66.61,8.32,190002 ,32.240505,-98.199905,240.2,8,-131,-161,0,1,-42
3279,364,353,-0.14,96565.45,66.61,8.08,190003 ,32.240505,-98.199905,240.5,8,-99,-164,0,1,-42
3279,365,354,-1.11,96576.73,66.62,8.06,190004 ,32.240509,-98.199913,240.8,8,-88,-161,0,1,-43
3279,366,355,-1.26,96578.44,66.62,7.92,190005 ,32.240509,-98.199913,241.1,8,-176,-163,0,1,-43
3279,367,356,-0.92,96574.45,66.63,8.30,190006 ,32.240509,-98.199913,241.3,8,-176,-163,0,1,-43
3279,368,357,-1.48,96581.00,66.63,8.13,190007 ,32.240509,-98.199921,241.6,8,-165,-163,0,1,-44
3279,369,358,-1.40,96580.03,66.64,8.14,190008 ,32.240509,-98.199921,241.9,8,-175,-163,0,1,-44
3279,370,359,-1.44,96580.52,66.63,8.39,190009 ,32.240513,-98.199921,242.2,8,-177,-162,0,1,-44
3279,371,360,-1.21,96577.84,66.64,8.36,190010 ,32.240513,-98.199928,242.5,8,-178,-163,0,1,-44
3279,372,361,-1.62,96582.59,66.65,8.29,190011 ,32.240513,-98.199928,242.7,8,-177,-163,0,1,-45
3279,373,362,-1.24,96578.17,66.65,8.24,190012 ,32.240513,-98.199936,243.0,8,-178,-163,0,1,-45
3279,374,363,-1.19,96577.60,66.66,8.36,190013 ,32.240509,-98.199936,243.3,8,-178,-163,0,1,-45
3279,375,364,-1.61,96582.44,66.66,8.22,190014 ,32.240509,-98.199944,243.6,8,-74,-162,0,1,-44
3279,376,365,0.58,96557.10,66.66,8.21,190015 ,32.240509,-98.199944,243.9,8,-119,-162,0,1,-45
3279,377,366,-0.36,96567.96,66.67,8.23,190016 ,32.240509,-98.199944,244.2,8,-18,-163,0,1,-45
3279,378,367,-0.17,96565.77,66.67,8.13,190017 ,32.240509,-98.199951,244.4,8,-158,-161,0,1,-45
3279,379,368,-0.12,96565.29,66.67,8.14,190018 ,32.240509,-98.199951,244.7,8,-22,-162,0,1,-46
3279,380,369,-0.87,96573.95,66.68,8.21,190019 ,32.240513,-98.199951,245.0,8,-169,-162,0,1,-46
3279,381,370,-2.00,96586.98,66.69,8.27,190020 ,32.240513,-98.199959,245.3,8,-108,-163,0,1,-47
3279,382,371,-1.02,96575.61,66.69,8.12,190021 ,32.240513,-98.199959,245.6,8,-178,-162,0,1,-47
3279,383,372,-0.90,96574.30,66.69,8.06,190022 ,32.240517,-98.199959,245.9,8,-94,-163,0,1,-47
3279,384,373,-1.50,96581.17,66.70,8.22,190023 ,32.240517,-98.199959,246.2,8,-92,-162,0,1,-47
3279,385,374,-1.57,96582.00,66.70,8.13,190024 ,32.240517,-98.199959,246.5,8,-176,-163,0,1,-47
3279,386,375,-1.31,96578.98,66.70,8.22,190025 ,32.240517,-98.199959,246.8,8,-159,-162,0,1,-48
3279,387,376,-0.14,96565.42,66.71,8.29,190026 ,32.240520,-98.199966,247.1,8,-141,-163,0,1,-47
3279,388,377,-0.70,96571.91,66.71,8.30,190027 ,32.240520,-98.199966,247.4,8,-45,-162,0,1,-47
3279,389,378,-1.07,96576.22,66.72,8.14,190028 ,32.240520,-98.199966,247.7,8,-113,-164,0,1,-48
3279,390,379,-1.18,96577.53,66.72,8.22,190029 ,32.240524,-98.199966,248.1,8,-63,-162,0,1,-48
3279,391,380,-0.46,96569.14,66.73,8.26,190030 ,32.240528,-98.199966,248.4,8,-162,-163,0,1,-48
3279,392,381,-0.80,96573.06,66.73,8.07,190031 ,32.240528,-98.199966,248.7,8,-88,-163,0,1,-49
3279,393,382,-1.09,96576.50,66.73,8.16,190032 ,32.240536,-98.199974,248.9,8,-38,-162,0,1,-48
3279,394,383,-1.24,96578.20,66.74,8.12,190033 ,32.240536,-98.199974,249.3,8,-116,-161,0,1,-48
3279,395,384,-0.29,96567.25,66.74,8.06,190034 ,32.240540,-98.199974,249.6,8,17,-161,0,1,-49
3279,396,385,-0.94,96574.70,66.74,8.12,190035 ,32.240543,-98.199982,249.9,8,-92,-161,0,1,-49
3279,397,386,-0.97,96575.11,66.74,8.14,190036 ,32.240543,-98.199982,250.2,8,-170,-162,0,1,-50
3279,398,387,-0.78,96572.86,66.75,8.16,190037 ,32.240543,-98.199982,250.6,8,-59,-165,0,1,-49
3279,399,388,0.69,96555.84,66.75,8.21,190038 ,32.240547,-98.199982,250.9,8,-74,-162,0,1,-49
3279,400,389,-0.24,96566.66,66.76,8.13,190039 ,32.240547,-98.199982,251.2,8,-81,-165,0,1,-50
3279,401,390,-0.05,96564.44,66.76,8.32,190040 ,32.240551,-98.199982,251.5,8,4,-154,0,1,-50
3279,402,391,1.50,96546.55,66.77,8.38,190041 ,32.240555,-98.199982,251.9,8,-1,-159,0,1,-50
3279,403,392,-0.08,96564.77,66.77,8.08,190042 ,32.240555,-98.199982,252.2,8,-62,-159,0,1,-51
3279,404,393,-0.34,96567.81,66.77,8.07,190043 ,32.240555,-98.199982,252.5,8,-34,-167,0,1,-51
3279,405,394,-0.26,96566.84,66.78,8.23,190044 ,32.240559,-98.199982,252.7,8,-72,-162,0,1,-51
3279,406,395,0.34,96559.91,66.78,8.32,190045 ,32.240559,-98.199982,253.1,8,0,-163,0,1,-52
3279,407,396,-0.90,96574.20,66.79,8.16,190046 ,32.240562,-98.199989,253.4,8,-2,-161,0,1,-52
3279,408,397,-0.75,96572.50,66.79,8.33,190047 ,32.240562,-98.199989,253.7,8,-60,-162,0,1,-52
3279,409,398,0.13,96562.38,66.80,8.02,190048 ,32.240566,-98.199989,254.2,8,-97,-164,0,1,-52
3279,410,399,-0.97,96575.03,66.79,8.25,190049 ,32.240566,-98.199989,254.6,8,-106,-163,0,1,-53
3279,411,400,-0.66,96571.44,66.80,8.15,190050 ,32.240566,-98.199989,255.0,8,-146,-162,0,1,-53
3279,412,401,-0.20,96566.21,66.80,8.32,190051 ,32.240566,-98.199989,255.4,8,-136,-162,0,1,-53
3279,413,402,-0.88,96574.00,66.81,8.09,190052 ,32.240566,-98.199989,255.9,8,-151,-162,0,1,-54
3279,414,403,-0.84,96573.57,66.81,8.10,190053 ,32.240574,-98.199982,256.3,8,-162,-163,0,1,-54
3279,415,404,-0.76,96572.63,66.82,8.35,190054 ,32.240582,-98.199989,256.7,8,-72,-164,0,1,-53
3279,416,405,-0.72,96572.15,66.82,8.29,190055 ,32.240585,-98.199982,257.1,8,-52,-160,0,1,-54
3279,417,406,-0.87,96573.85,66.83,8.39,190056 ,32.240589,-98.199982,257.8,8,-58,-163,0,1,-54
3279,418,407,-1.24,96578.20,66.83,8.17,190057 ,32.240589,-98.199982,258.5,8,-53,-162,0,1,-54
3279,419,408,-1.05,96575.98,66.83,8.26,190058 ,32.240593,-98.199982,259.2,8,-74,-162,0,1,-54
3279,420,409,-0.33,96567.64,66.84,8.48,190059 ,32.240593,-98.199989,259.7,8,-130,-161,0,1,-55
3279,421,410,-0.29,96567.25,66.83,8.22,190100 ,32.240597,-98.199989,260.3,8,-135,-161,0,1,-55
3279,422,411,-1.23,96578.05,66.84,8.05,190101 ,32.240604,-98.199989,261.0,8,-173,-164,0,1,-55
3279,423,412,-1.23,96578.05,66.84,8.23,190102 ,32.240604,-98.199989,261.5,8,-106,-164,0,1,-56
3279,424,413,-1.14,96577.08,66.85,8.16,190103 ,32.240608,-98.199989,261.9,8,-162,-163,0,1,-55
3279,425,414,-0.35,96567.87,66.86,8.05,190104 ,32.240608,-98.199989,262.7,8,-134,-163,0,1,-56
3279,426,415,-0.79,96573.02,66.87,8.19,190105 ,32.240608,-98.199989,263.3,8,-70,-163,0,1,-56
3279,427,416,-0.86,96573.83,66.87,8.10,190106 ,32.240608,-98.199989,264.0,8,-60,-162,0,1,-57
3279,428,417,-1.02,96575.62,66.87,8.11,190107 ,32.240608,-98.199989,264.6,8,-108,-163,0,1,-57
3279,429,418,-1.50,96581.20,66.88,8.21,190108 ,32.240608,-98.199989,264.6,8,-158,-162,0,1,-57
3279,430,419,-0.82,96573.34,66.88,8.21,190109 ,32.240608,-98.199989,264.6,8,-170,-162,0,1,-58
3279,431,420,-1.04,96575.91,66.88,8.23,190110 ,32.240608,-98.199989,264.7,8,-158,-163,0,1,-58
3279,432,421,-1.45,96580.66,66.89,8.40,190111 ,32.240608,-98.199989,264.7,8,-179,-162,0,1,-58
3279,433,422,-1.23,96578.04,66.89,8.35,190112 ,32.240608,-98.199989,264.7,8,-169,-161,0,1,-58
3279,434,423,-1.75,96584.09,66.89,8.04,190113 ,32.240612,-98.199989,264.7,8,-125,-162,0,1,-58
3279,435,424,-1.67,96583.12,66.90,8.20,190114 ,32.240612,-98.199989,264.7,8,-167,-163,0,1,-59
3279,436,425,-1.10,96576.58,66.90,8.23,190115 ,32.240612,-98.199989,264.8,8,-178,-163,0,1,-59
3279,437,426,-1.07,96576.19,66.90,8.28,190116 ,32.240612,-98.199989,264.8,8,-158,-163,0,1,-59
3279,438,427,-1.10,96576.58,66.90,8.26,190117 ,32.240612,-98.199989,264.8,8,-174,-163,0,1,-59
3279,439,428,-1.06,96576.09,66.91,8.16,190118 ,32.240612,-98.199989,264.8,8,-176,-163,0,1,-59
3279,440,429,-1.17,96577.34,66.92,8.20,190119 ,32.240612,-98.199989,264.8,8,-147,-163,0,1,-60
3279,441,430,-1.09,96576.43,66.92,8.27,190120 ,32.240612,-98.199989,264.9,8,-134,-163,0,1,-60
3279,442,431,-0.74,96572.45,66.93,8.20,190121 ,32.240612,-98.199989,264.9,8,-171,-162,0,1,-60
3279,443,432,-0.90,96574.24,66.92,8.12,190122 ,32.240616,-98.199989,264.9,8,-158,-163,0,1,-61
3279,444,433,-1.12,96576.80,66.93,8.29,190123 ,32.240616,-98.199989,264.9,8,-177,-162,0,1,-61
3279,445,434,-1.12,96576.80,66.93,8.12,190124 ,32.240616,-98.199989,264.9,8,-49,-162,0,1,-61
3279,446,435,-1.07,96576.22,66.94,8.30,190125 ,32.240616,-98.199989,265.0,8,-174,-163,0,1,-61
3279,447,436,-1.52,96581.45,66.94,8.43,190126 ,32.240616,-98.199989,265.4,8,-146,-163,0,1,-62
3279,448,437,-1.26,96578.36,66.95,8.17,190127 ,32.240620,-98.199989,265.9,8,-177,-162,0,1,-62
3279,449,438,-1.55,96581.80,66.95,8.25,190128 ,32.240620,-98.199989,266.3,8,-166,-163,0,1,-62
3279,450,439,-1.21,96577.88,66.95,8.17,190129 ,32.240623,-98.199989,266.8,8,-172,-163,0,1,-62
3279,451,440,-1.66,96583.05,66.96,8.24,190130 ,32.240623,-98.199989,266.8,8,-176,-162,0,1,-63
3279,452,441,-1.21,96577.81,66.96,8.20,190131 ,32.240623,-98.199989,266.8,8,-177,-163,0,1,-63
3279,453,442,-1.28,96578.64,66.96,8.20,190132 ,32.240623,-98.199997,267.3,8,-177,-163,0,1,-63
3279,454,443,-1.24,96578.15,66.97,8.38,190133 ,32.240623,-98.199997,267.7,8,-177,-163,0,1,-64
3279,455,444,-1.20,96577.66,66.97,8.13,190134 ,32.240623,-98.199997,268.1,8,-177,-163,0,1,-64
3279,456,445,-1.54,96581.59,66.97,8.20,190135 ,32.240623,-98.199997,268.6,8,-178,-163,0,1,-64
3279,457,446,-1.31,96578.97,66.97,8.10,190136 ,32.240620,-98.199997,269.0,8,-177,-163,0,1,-64
3279,458,447,-1.49,96581.08,66.99,8.16,190137 ,32.240620,-98.199997,269.5,8,-177,-163,0,1,-65
3279,459,448,-1.04,96575.84,66.99,8.20,190138 ,32.240623,-98.199997,269.9,8,-178,-162,0,1,-65
3279,460,449,-1.26,96578.45,66.99,8.23,190139 ,32.240620,-98.199997,270.3,8,-178,-163,0,1,-65
3279,461,450,-1.71,96583.60,66.99,8.22,190140 ,32.240620,-98.199997,270.6,8,-178,-163,0,1,-65
3279,462,451,-1.70,96583.55,67.00,8.34,190141 ,32.240616,-98.199997,271.0,8,-177,-163,0,1,-65
3279,463,452,-1.85,96585.28,67.00,8.27,190142 ,32.240616,-98.200005,271.4,8,-178,-162,0,1,-66
3279,464,453,-1.66,96583.06,67.01,8.15,190143 ,32.240616,-98.200005,271.7,8,-178,-163,0,1,-66
3279,465,454,-1.73,96583.88,67.01,8.34,190144 ,32.240616,-98.200005,272.0,8,-177,-162,0,1,-66
3279,466,455,-1.85,96585.19,67.01,8.30,190145 ,32.240616,-98.200005,272.4,8,-177,-162,0,1,-66
3279,467,456,-1.50,96581.20,67.02,8.32,190146 ,32.240616,-98.200005,272.7,8,-177,-163,0,1,-66
3279,468,457,-1.35,96579.41,67.02,8.18,190147 ,32.240616,-98.200005,273.0,8,-173,-163,0,1,-66
3279,469,458,-1.30,96578.92,67.03,8.19,190148 ,32.240620,-98.200012,273.4,8,-145,-162,0,1,-66
3279,470,459,-1.42,96580.23,67.03,8.36,190149 ,32.240620,-98.200012,273.8,8,-118,-162,0,1,-67
3279,471,460,-0.85,96573.69,67.03,8.39,190150 ,32.240616,-98.200012,274.1,8,-101,-163,0,1,-67
3279,472,461,-1.07,96576.25,67.03,8.22,190151 ,32.240616,-98.200012,274.4,8,-90,-163,0,1,-67
3279,473,462,-0.51,96569.70,67.03,8.10,190152 ,32.240620,-98.200012,274.8,8,-8,-162,0,1,-67
3279,474,463,-1.22,96577.89,67.04,8.13,190153 ,32.240616,-98.200012,275.1,8,-171,-162,0,1,-67
3279,475,464,-1.22,96577.89,67.04,8.09,190154 ,32.240616,-98.200012,275.5,8,-81,-162,0,1,-68
3279,476,465,-0.57,96570.44,67.05,8.25,190155 ,32.240616,-98.200012,276.0,8,-31,-162,0,1,-68
3279,477,466,-0.90,96574.30,67.05,8.14,190156 ,32.240616,-98.200012,276.3,8,-165,-162,0,1,-68
3279,478,467,-0.41,96568.58,67.06,8.12,190157 ,32.240620,-98.200012,276.6,8,-38,-163,0,1,-68
3279,479,468,0.08,96562.92,67.06,8.12,190158 ,32.240616,-98.200012,277.0,8,-123,-162,0,1,-68
3279,480,469,-1.50,96581.19,67.06,8.18,190159 ,32.240616,-98.200020,277.3,8,-102,-163,0,1,-69
3279,481,470,-1.39,96579.88,67.06,8.23,190200 ,32.240612,-98.200020,277.9,8,-143,-163,0,1,-69
3279,482,471,-1.23,96578.08,67.07,8.17,190201 ,32.240612,-98.200020,278.2,8,-165,-159,0,1,-69
3279,483,472,-1.38,96579.81,67.07,8.19,190202 ,32.240612,-98.200020,278.6,8,-118,-162,0,1,-70
3279,484,473,-1.68,96583.25,67.08,8.21,190203 ,32.240612,-98.200020,279.0,8,-154,-163,0,1,-70
3279,485,474,-0.92,96574.49,67.08,8.20,190204 ,32.240608,-98.200020,279.4,8,-174,-162,0,1,-70
3279,486,475,-1.37,96579.72,67.08,8.16,190205 ,32.240608,-98.200012,279.7,8,-164,-162,0,1,-70
3279,487,476,-0.95,96574.83,67.09,8.21,190206 ,32.240608,-98.200020,280.0,8,-146,-163,0,1,-70
3279,488,477,-1.10,96576.56,67.09,8.10,190207 ,32.240604,-98.200020,280.3,8,-120,-162,0,1,-71
3279,489,478,-2.27,96590.05,67.09,8.16,190208 ,32.240601,-98.200020,280.8,8,-151,-162,0,1,-71
3279,490,479,-1.47,96580.83,67.10,8.21,190209 ,32.240601,-98.200020,281.2,8,-170,-162,0,1,-71
3279,491,480,-1.85,96585.18,67.10,8.20,190210 ,32.240597,-98.200020,281.7,8,-162,-163,0,1,-72
3279,492,481,-1.58,96582.13,67.10,8.21,190211 ,32.240597,-98.200020,282.1,8,-177,-162,0,1,-72
3279,493,482,-1.54,96581.65,67.11,7.97,190212 ,32.240593,-98.200020,282.6,8,-178,-163,0,1,-72
3279,494,483,-1.61,96582.47,67.11,8.21,190213 ,32.240593,-98.200020,282.9,8,-178,-162,0,1,-72
3279,495,484,-1.54,96581.59,67.11,8.10,190214 ,32.240593,-98.200020,283.2,8,-177,-162,0,1,-73
3279,496,485,-1.41,96580.19,67.12,7.91,190215 ,32.240593,-98.200020,284.1,8,-177,-162,0,1,-73
3279,497,486,-0.96,96574.89,67.13,8.12,190216 ,32.240597,-98.200020,284.5,8,-173,-162,0,1,-73
3279,498,487,-1.41,96580.13,67.13,8.17,190217 ,32.240597,-98.200012,284.5,8,-170,-162,0,1,-73
3279,499,488,-1.41,96580.13,67.13,8.14,190218 ,32.240601,-98.200012,285.2,8,-66,-163,0,1,-74
3279,500,489,-1.32,96579.16,67.14,8.31,190219 ,32.240601,-98.200012,285.2,8,-176,-162,0,1,-74
3279,501,490,-1.17,96577.42,67.13,8.36,190220 ,32.240601,-98.200012,285.2,8,-130,-163,0,1,-74
3279,502,491,-1.55,96581.78,67.14,8.19,190221 ,32.240604,-98.200012,285.2,8,-172,-163,0,1,-74
3279,503,492,-1.32,96579.09,67.14,8.40,190222 ,32.240604,-98.200012,286.6,8,-177,-163,0,1,-75
3279,504,493,-1.28,96578.67,67.14,8.28,190223 ,32.240604,-98.200012,287.0,8,-177,-163,0,1,-75
3279,505,494,-1.43,96580.41,67.14,8.33,190224 ,32.240604,-98.200012,287.6,8,-177,-163,0,1,-75
3279,506,495,-1.31,96578.95,67.16,8.30,190225 ,32.240601,-98.200012,287.6,8,-177,-163,0,1,-75
3279,507,496,-1.50,96581.14,67.16,8.23,190226 ,32.240601,-98.200012,287.6,8,-178,-163,0,1,-75
3279,508,497,-1.99,96586.80,67.16,8.38,190227 ,32.240601,-98.200012,287.6,8,-90,-162,0,1,-75
3279,509,498,-1.56,96581.91,67.17,8.23,190228 ,32.240601,-98.200012,287.6,8,-139,-163,0,1,-75
3279,510,499,-1.11,96576.67,67.17,8.22,190229 ,32.240601,-98.200012,287.6,8,-148,-161,0,1,-76
3279,511,500,-1.37,96579.68,67.17,8.18,190230 ,32.240601,-98.200012,287.6,8,-119,-163,0,1,-76
3279,512,501,-1.52,96581.42,67.17,8.22,190231 ,32.240601,-98.200020,287.6,8,-82,-163,0,1,-76
3279,513,502,-1.13,96576.94,67.19,8.13,190232 ,32.240604,-98.200020,287.6,8,-62,-162,0,1,-76
3279,514,503,-1.54,96581.69,67.19,8.21,190233 ,32.240608,-98.200020,287.6,8,-177,-162,0,1,-76
3279,515,504,-1.69,96583.40,67.19,8.21,190233 ,32.240608,-98.200020,287.6,8,-175,-163,0,1,-77
3279,516,505,-1.69,96583.40,67.19,8.14,190233 ,32.240608,-98.200020,287.6,8,-177,-163,0,1,-77
3279,517,506,-1.80,96584.64,67.20,7.95,190236 ,32.240604,-98.200020,287.6,8,-156,-163,0,1,-77
3279,518,507,-2.06,96587.60,67.21,8.24,190237 ,32.240604,-98.200020,287.6,8,-123,-162,0,1,-77
3279,519,508,-1.75,96584.10,67.21,8.18,190237 ,32.240604,-98.200020,287.6,8,-176,-162,0,1,-78
3279,520,509,-1.90,96585.81,67.22,8.20,190239 ,32.240604,-98.200020,287.6,8,-177,-163,0,1,-78
3279,521,510,-1.97,96586.62,67.22,8.27,190239 ,32.240604,-98.200020,287.6,8,-178,-162,0,1,-78
3279,522,511,-2.23,96589.67,67.22,8.05,190239 ,32.240604,-98.200020,287.6,8,-177,-162,0,1,-78
3279,523,512,-2.16,96588.76,67.23,7.98,190242 ,32.240601,-98.200020,287.6,8,-177,-161,0,1,-79
3279,524,513,-2.26,96590.01,67.23,8.33,190242 ,32.240601,-98.200020,287.6,8,-151,-163,0,1,-79
3279,525,514,-2.18,96589.09,67.24,7.98,190242 ,32.240601,-98.200020,287.6,8,-177,-162,0,1,-80
3279,526,515,-1.81,96584.77,67.23,8.16,190242 ,32.240601,-98.200020,287.6,8,-177,-162,0,1,-80
3279,527,516,-1.92,96585.98,67.24,8.13,190242 ,32.240601,-98.200020,287.6,8,-175,-162,0,1,-80
3279,528,517,-1.76,96584.20,67.24,8.35,190247 ,32.240608,-98.200012,287.6,8,-177,-162,0,1,-80
3279,529,518,-1.91,96585.94,67.25,8.32,190248 ,32.240604,-98.200012,293.6,8,-178,-162,0,1,-80
3279,531,519,-2.06,96587.67,67.25,8.19,190248 ,32.240604,-98.200012,293.6,8,-178,-163,0,1,-81
3279,532,520,-2.02,96587.19,67.25,8.01,190248 ,32.240604,-98.200012,293.6,8,-177,-163,0,1,-81
3279,533,521,-2.05,96587.58,67.26,8.37,190248 ,32.240604,-98.200012,293.6,8,-175,-163,0,1,-81
3279,534,522,-1.91,96585.88,67.25,8.11,190252 ,32.240604,-98.200012,294.7,8,-174,-162,0,1,-81
3279,535,523,-2.46,96592.27,67.27,8.04,190253 ,32.240604,-98.200012,295.0,8,-150,-162,0,1,-82
3279,536,524,-2.49,96592.66,67.27,8.32,190254 ,32.240604,-98.200012,295.2,8,-109,-163,0,1,-82
3279,537,525,-2.38,96591.36,67.27,8.15,190255 ,32.240604,-98.200012,295.5,8,-109,-162,0,1,-82
3279,538,526,-2.23,96589.56,67.28,8.14,190256 ,32.240608,-98.200012,295.7,8,-178,-162,0,1,-82
3279,539,527,-2.48,96592.55,67.29,8.13,190257 ,32.240608,-98.200012,295.9,8,-151,-163,0,1,-82
3279,540,528,-2.52,96593.00,67.28,8.34,190259 ,32.240612,-98.200012,296.5,8,-62,-162,0,1,-83
3279,541,529,-1.95,96586.39,67.29,8.10,190259 ,32.240612,-98.200012,296.5,8,-162,-163,0,1,-83
3279,542,530,-1.99,96586.82,67.29,8.31,190301 ,32.240612,-98.200012,297.0,8,-178,-162,0,1,-82
3279,543,531,-1.80,96584.59,67.29,8.23,190302 ,32.240612,-98.200012,297.2,8,-160,-163,0,1,-83
3279,544,532,-2.06,96587.64,67.30,8.20,190303 ,32.240612,-98.200012,297.5,8,-164,-162,0,1,-83
3279,545,533,-1.83,96584.94,67.30,8.11,190304 ,32.240612,-98.200005,297.9,8,-149,-162,0,1,-84
3279,546,534,-2.09,96587.98,67.31,8.18,190305 ,32.240612,-98.200012,298.2,8,-170,-163,0,1,-84
3279,547,535,-2.31,96590.50,67.31,8.19,190306 ,32.240612,-98.200012,298.4,8,-171,-162,0,1,-84
3279,548,536,-2.08,96587.89,67.31,8.02,190306 ,32.240612,-98.200012,298.4,8,-176,-163,0,1,-85
3279,549,537,-2.68,96594.86,67.32,8.22,190308 ,32.240616,-98.200005,298.9,8,-149,-163,0,1,-85
3279,550,538,-2.15,96588.74,67.32,8.05,190309 ,32.240616,-98.200005,299.3,8,-178,-163,0,1,-85
3279,551,539,-2.41,96591.75,67.32,8.24,190310 ,32.240616,-98.200005,299.6,8,-179,-163,0,1,-85
3279,552,540,-1.92,96586.03,67.33,8.20,190311 ,32.240616,-98.200005,299.8,8,-128,-163,0,1,-85
3279,553,541,-1.50,96581.22,67.33,8.12,190312 ,32.240616,-98.200005,299.8,8,-135,-163,0,1,-85
3279,554,542,-1.80,96584.66,67.33,8.27,190313 ,32.240620,-98.200005,300.2,8,-121,-161,0,1,-85
3279,555,543,-1.58,96582.05,67.33,8.21,190314 ,32.240620,-98.200005,300.5,8,-106,-160,0,1,-86
3279,556,544,-2.06,96587.62,67.34,8.24,190315 ,32.240623,-98.200005,300.7,8,-5,-163,0,1,-86
3279,557,545,-1.60,96582.38,67.34,8.08,190316 ,32.240623,-98.200005,301.0,8,-132,-162,0,1,-87
3279,558,546,-2.13,96588.44,67.35,8.32,190317 ,32.240623,-98.200005,301.2,8,-79,-164,0,1,-87
3279,559,547,-2.21,96589.33,67.35,8.05,190318 ,32.240623,-98.199997,301.5,8,-158,-161,0,1,-87
3279,560,548,-1.94,96586.22,67.35,8.15,190319 ,32.240623,-98.199997,301.7,8,-47,-161,0,1,-87
3279,561,549,-1.78,96584.45,67.36,8.28,190320 ,32.240620,-98.199997,301.7,8,-66,-162,0,1,-87
3279,562,550,-2.04,96587.47,67.36,8.21,190321 ,32.240623,-98.199997,302.0,8,-57,-158,0,1,-87
3279,563,551,-1.97,96586.59,67.36,8.16,190322 ,32.240623,-98.199997,302.3,8,-82,-163,0,1,-87
3279,564,552,-2.07,96587.80,67.37,8.27,190323 ,32.240623,-98.199997,302.7,8,-45,-162,0,1,-87
3279,565,553,-2.00,96586.92,67.37,8.27,190324 ,32.240623,-98.199989,303.2,8,-55,-165,0,1,-88
3279,566,554,-1.66,96582.98,67.37,8.16,190325 ,32.240623,-98.199989,303.4,8,-44,-161,0,1,-87
3279,567,555,-1.12,96576.84,67.37,8.25,190326 ,32.240627,-98.199989,303.8,8,-56,-160,0,1,-88
3279,568,556,-1.42,96580.28,67.38,8.09,190327 ,32.240627,-98.199989,304.2,8,-24,-158,0,1,-88
3279,569,557,-1.57,96582.02,67.38,8.21,190328 ,32.240631,-98.199989,304.6,8,-65,-161,0,1,-88
3279,570,558,-2.40,96591.58,67.38,8.22,190329 ,32.240631,-98.199989,305.1,8,-53,-162,0,1,-88
3279,571,559,-0.05,96564.45,67.39,8.21,190330 ,32.240635,-98.199989,305.6,8,-82,-163,0,1,-89
3279,572,560,-2.32,96590.64,67.39,8.25,190331 ,32.240635,-98.199989,306.0,8,-109,-163,0,1,89
3279,573,561,-1.98,96586.70,67.39,8.26,190332 ,32.240635,-98.199989,306.3,8,-111,-163,0,1,89
3279,574,562,-2.05,96587.53,67.40,8.13,190333 ,32.240639,-98.199989,306.7,8,-97,-163,0,1,89
3279,575,563,-1.63,96582.69,67.40,8.24,190334 ,32.240639,-98.199989,307.1,8,-149,-163,0,1,89
3279,576,564,-1.33,96579.19,67.40,8.23,190335 ,32.240643,-98.199989,307.5,8,-52,-161,0,1,89
3279,577,565,-2.01,96587.05,67.40,8.21,190336 ,32.240643,-98.199989,307.9,8,-153,-163,0,1,88
3279,578,566,-2.60,96593.92,67.41,8.12,190337 ,32.240643,-98.199989,308.2,8,-172,-163,0,1,88
3279,579,567,-2.07,96587.77,67.41,8.33,190338 ,32.240643,-98.199989,308.6,8,-173,-162,0,1,87
3279,580,568,-2.04,96587.38,67.41,8.05,190339 ,32.240639,-98.199989,308.9,8,-176,-163,0,1,87
3279,581,569,-2.29,96590.34,67.42,8.25,190340 ,32.240635,-98.199989,309.3,8,-154,-162,0,1,87
3279,582,570,-2.33,96590.73,67.42,8.07,190341 ,32.240635,-98.199989,309.6,8,-151,-161,0,1,87
3279,583,571,-1.80,96584.61,67.43,8.20,190342 ,32.240635,-98.199989,310.0,8,-103,-164,0,1,87
3279,584,572,-1.91,96585.92,67.43,8.14,190343 ,32.240639,-98.199989,310.5,8,-116,-162,0,1,87
3279,585,573,-1.94,96586.28,67.44,8.27,190344 ,32.240639,-98.199989,310.7,8,-141,-162,0,1,87
3279,586,574,-1.04,96575.81,67.44,8.24,190345 ,32.240639,-98.199989,311.1,8,-4,-160,0,1,87
3279,587,575,-1.11,96576.63,67.44,8.21,190346 ,32.240639,-98.199989,311.5,8,-91,-163,0,1,86
3279,588,576,-1.94,96586.23,67.44,8.32,190347 ,32.240639,-98.199982,311.8,8,-128,-161,0,1,86
3279,589,577,-1.74,96584.00,67.45,8.07,190348 ,32.240635,-98.199989,312.2,8,-122,-162,0,1,85
3279,590,578,-2.28,96590.16,67.44,8.21,190349 ,32.240635,-98.199989,312.3,8,-142,-163,0,1,85
3279,591,579,-1.85,96585.25,67.45,8.11,190350 ,32.240635,-98.199989,312.6,8,-177,-162,0,1,85
3279,592,580,-1.24,96578.22,67.46,8.14,190351 ,32.240635,-98.199989,312.8,8,-146,-161,0,1,85
3279,593,581,-1.70,96583.52,67.45,8.18,190352 ,32.240639,-98.199989,313.1,8,-121,-163,0,1,84
3279,594,582,-1.54,96581.66,67.46,8.19,190353 ,32.240639,-98.199989,313.5,8,-170,-161,0,1,83
3279,595,583,-2.29,96590.34,67.47,8.19,190354 ,32.240646,-98.199989,313.7,8,-145,-163,0,1,83
3279,596,584,-1.54,96581.59,67.47,8.02,190355 ,32.240643,-98.199989,313.9,8,-178,-162,0,1,83
3279,597,585,-1.15,96577.18,67.48,8.21,190356 ,32.240643,-98.199989,314.1,8,-70,-163,0,1,83
3279,598,586,-1.57,96581.99,67.47,8.33,190357 ,32.240643,-98.199989,314.4,8,-52,-162,0,1,83
3279,599,587,-1.03,96575.78,67.48,8.35,190358 ,32.240643,-98.199989,314.6,8,-8,-162,0,1,84
3279,600,588,-1.90,96585.77,67.49,8.16,190359 ,32.240639,-98.199989,314.9,8,-128,-160,0,1,82
3279,601,589,-1.14,96577.03,67.49,8.30,190400 ,32.240643,-98.199989,315.2,8,-164,-162,0,1,82
3279,602,590,-2.16,96588.81,67.49,8.23,190401 ,32.240639,-98.199989,315.5,8,-157,-162,0,1,82
3279,603,591,-2.12,96588.33,67.49,8.24,190402 ,32.240643,-98.199997,315.8,8,-40,-161,0,1,82
3279,604,592,-2.04,96587.45,67.50,8.20,190403 ,32.240639,-98.199997,316.0,8,-145,-162,0,1,81
3279,605,593,-1.92,96586.05,67.50,8.27,190404 ,32.240639,-98.199989,316.2,8,-81,-163,0,1,81
3279,606,594,-1.58,96582.11,67.50,8.25,190405 ,32.240639,-98.199989,316.5,8,-139,-163,0,1,81
3279,607,595,-1.77,96584.25,67.51,8.04,190406 ,32.240639,-98.199989,316.8,8,-159,-162,0,1,81
3279,608,596,-1.58,96582.05,67.51,8.32,190407 ,32.240635,-98.199989,317.2,8,-156,-163,0,1,80
3279,609,597,-1.80,96584.67,67.51,8.19,190408 ,32.240635,-98.199989,317.6,8,-59,-163,0,1,80
3279,610,598,-1.99,96586.81,67.52,8.07,190409 ,32.240639,-98.199989,318.0,8,-77,-163,0,1,81
3279,611,599,-0.32,96567.56,67.52,7.99,190410 ,32.240635,-98.199989,318.4,8,-138,-162,0,1,80
3279,612,600,-1.48,96580.98,67.53,8.14,190411 ,32.240635,-98.199989,318.7,8,16,-162,0,1,80
3279,613,601,-1.56,96581.91,67.53,8.17,190412 ,32.240639,-98.199989,319.1,8,-78,-162,0,1,80
3279,614,602,-0.73,96572.25,67.53,8.23,190413 ,32.240639,-98.199989,319.5,8,-27,-164,0,1,79
3279,615,603,-0.50,96569.62,67.53,8.20,190414 ,32.240639,-98.199989,319.7,8,27,-165,0,1,79
3279,616,604,-1.40,96580.05,67.54,8.31,190415 ,32.240639,-98.199989,320.1,8,-81,-161,0,1,78
3279,617,605,-1.93,96586.17,67.54,8.16,190416 ,32.240639,-98.199989,320.3,8,-116,-162,0,1,78
3279,618,606,-1.39,96579.95,67.55,8.28,190417 ,32.240639,-98.199989,320.6,8,-88,-163,0,1,79
3279,619,607,-1.09,96576.45,67.55,8.21,190418 ,32.240639,-98.199989,320.9,8,-45,-162,0,1,78
3279,620,608,-1.96,96586.50,67.55,8.33,190419 ,32.240639,-98.199989,321.1,8,-161,-162,0,1,78
3279,621,609,-1.20,96577.77,67.55,7.98,190420 ,32.240643,-98.199989,321.5,8,-172,-163,0,1,77
3279,622,610,-1.69,96583.34,67.56,8.14,190421 ,32.240646,-98.199989,321.9,8,-108,-163,0,1,78
3279,623,611,-1.54,96581.59,67.56,8.16,190422 ,32.240646,-98.199989,322.3,8,-121,-163,0,1,77
3279,624,612,-1.35,96579.41,67.56,8.32,190423 ,32.240646,-98.199989,322.5,8,-178,-163,0,1,77
3279,625,613,-1.95,96586.34,67.56,8.29,190424 ,32.240646,-98.199989,322.7,8,-165,-163,0,1,76
3279,626,614,-1.72,96583.67,67.57,8.31,190425 ,32.240646,-98.199989,322.9,8,-175,-162,0,1,76
3279,627,615,-1.90,96585.86,67.57,8.02,190426 ,32.240646,-98.199989,322.9,8,-168,-163,0,1,76
3279,628,616,-2.35,96591.04,67.57,8.05,190427 ,32.240646,-98.199989,322.9,8,-171,-163,0,1,75
3279,629,617,-2.28,96590.16,67.58,8.09,190428 ,32.240646,-98.199989,322.9,8,-171,-163,0,1,75
3279,630,618,-1.86,96585.31,67.58,8.17,190429 ,32.240646,-98.199989,323.2,8,-147,-163,0,1,74
3279,631,619,-2.08,96587.94,67.58,8.10,190430 ,32.240646,-98.199989,323.5,8,-86,-163,0,1,75
3279,632,620,-1.97,96586.56,67.59,8.27,190431 ,32.240646,-98.199989,323.7,8,-107,-162,0,1,75
3279,633,621,-1.85,96585.25,67.59,8.21,190432 ,32.240646,-98.199989,323.8,8,-133,-162,0,1,75
3279,634,622,-2.00,96586.95,67.59,8.00,190433 ,32.240646,-98.199989,324.0,8,-177,-162,0,1,74
3279,635,623,-1.84,96585.16,67.59,8.19,190434 ,32.240646,-98.199989,324.4,8,-177,-162,0,1,74
3279,636,624,-2.14,96588.60,67.60,8.35,190435 ,32.240646,-98.199989,324.7,8,-179,-163,0,1,74
3279,637,625,-1.99,96586.80,67.60,8.19,190436 ,32.240646,-98.199989,324.9,8,-177,-162,0,1,73
3279,638,626,-1.95,96586.41,67.60,8.20,190437 ,32.240643,-98.199989,325.1,8,-166,-163,0,1,73
3279,639,627,-2.39,96591.50,67.61,8.40,190438 ,32.240643,-98.199989,325.3,8,-147,-163,0,1,73
3279,640,628,-1.68,96583.30,67.61,8.30,190439 ,32.240643,-98.199997,325.5,8,-176,-162,0,1,73
3279,641,629,-2.05,96587.57,67.61,8.11,190440 ,32.240643,-98.199997,325.8,8,-128,-162,0,1,72
3279,642,630,-1.49,96581.02,67.61,8.16,190441 ,32.240643,-98.199997,326.1,8,-172,-163,0,1,72
3279,643,631,-2.09,96588.00,67.62,8.14,190442 ,32.240643,-98.199997,326.4,8,-178,-163,0,1,72
3279,644,632,-1.93,96586.20,67.62,8.08,190443 ,32.240643,-98.199997,326.6,8,-177,-163,0,1,71
3279,645,633,-1.93,96586.20,67.62,8.36,190444 ,32.240643,-98.199997,326.6,8,-173,-163,0,1,71
3279,646,634,-2.08,96587.90,67.62,8.26,190445 ,32.240643,-98.199997,326.6,8,-176,-163,0,1,71
3279,647,635,-1.32,96579.16,67.63,8.18,190446 ,32.240643,-98.199997,326.6,8,-175,-163,0,1,71
3279,648,636,-2.49,96592.66,67.63,8.30,190447 ,32.240643,-98.199997,326.6,8,-174,-163,0,1,71
3279,649,637,-2.11,96588.23,67.63,8.15,190448 ,32.240643,-98.199997,326.6,8,-171,-163,0,1,71
3279,650,638,-1.95,96586.44,67.64,8.14,190449 ,32.240643,-98.199997,326.6,8,-175,-162,0,1,70
3279,651,639,-2.22,96589.48,67.64,8.22,190450 ,32.240643,-98.199997,326.6,8,-178,-162,0,1,70
3279,652,640,-2.06,96587.69,67.65,8.15,190451 ,32.240643,-98.199997,326.6,8,-177,-163,0,1,70
3279,653,641,-2.25,96589.91,67.64,8.10,190452 ,32.240646,-98.199997,326.9,8,-178,-163,0,1,69
3279,654,642,-2.10,96588.12,67.65,8.31,190453 ,32.240646,-98.199997,327.2,8,-178,-162,0,1,69
3279,655,643,-1.26,96578.45,67.65,8.13,190454 ,32.240643,-98.199997,327.4,8,-177,-163,0,1,69
3279,656,644,-1.68,96583.27,67.65,8.14,190455 ,32.240643,-98.199997,327.5,8,-178,-163,0,1,69
3279,657,645,-1.34,96579.28,67.66,8.21,190456 ,32.240643,-98.199997,327.7,8,-132,-163,0,1,69
3279,658,646,-1.26,96578.37,67.66,8.28,190457 ,32.240643,-98.199997,328.0,8,-76,-162,0,1,69
3279,659,647,-1.21,96577.88,67.67,8.24,190458 ,32.240643,-98.199997,328.4,8,-115,-163,0,1,69
3279,660,648,-1.33,96579.19,67.67,8.29,190459 ,32.240646,-98.199997,328.7,8,-141,-163,0,1,68
3279,661,649,-1.41,96580.10,67.66,8.25,190500 ,32.240646,-98.199997,329.1,8,-154,-162,0,1,68
3279,662,650,-1.44,96580.44,67.67,8.23,190501 ,32.240650,-98.199997,329.5,8,-159,-162,0,1,67
3279,663,651,-1.47,96580.83,67.68,8.26,190502 ,32.240646,-98.199997,329.7,8,-178,-162,0,1,67
3279,664,652,-1.55,96581.75,67.67,8.34,190503 ,32.240650,-98.199997,329.9,8,-166,-163,0,1,67
3279,665,653,-1.58,96582.08,67.68,8.45,190504 ,32.240650,-98.199997,330.1,8,-168,-163,0,1,67
3279,666,654,-1.54,96581.69,67.68,8.41,190505 ,32.240650,-98.199997,330.4,8,-155,-162,0,1,67
3279,667,655,-1.35,96579.46,67.68,8.12,190506 ,32.240650,-98.199997,330.7,8,-105,-164,0,1,66
3279,668,656,-1.12,96576.84,67.68,8.35,190507 ,32.240650,-98.199997,331.1,8,-176,-163,0,1,66
3279,669,657,-1.30,96578.91,67.70,8.17,190508 ,32.240654,-98.199997,331.5,8,-148,-162,0,1,66
3279,670,658,-1.34,96579.31,67.70,8.35,190509 ,32.240654,-98.200005,331.8,8,-178,-162,0,1,65
3279,671,659,-1.60,96582.36,67.70,8.36,190510 ,32.240654,-98.200005,332.1,8,-179,-162,0,1,65
3279,672,660,-1.74,96584.00,67.71,8.35,190511 ,32.240654,-98.200005,332.3,8,-178,-163,0,1,65
3279,673,661,-1.79,96584.48,67.71,8.40,190512 ,32.240654,-98.200005,332.3,8,-167,-162,0,1,65
3279,674,662,-1.06,96576.14,67.71,8.22,190513 ,32.240654,-98.200005,332.6,8,-177,-162,0,1,65
3279,675,663,-1.67,96583.11,67.71,8.22,190514 ,32.240654,-98.200005,332.9,8,-174,-162,0,1,64
3279,676,664,-1.33,96579.19,67.71,8.34,190515 ,32.240654,-98.200005,333.2,8,-177,-162,0,1,64
3279,677,665,-1.70,96583.51,67.72,8.09,190516 ,32.240654,-98.200005,333.7,8,-176,-162,0,1,64
3279,678,666,-1.51,96581.31,67.72,8.24,190517 ,32.240654,-98.200012,334.1,8,-176,-162,0,1,64
3279,679,667,-1.39,96579.91,67.73,8.28,190518 ,32.240658,-98.200012,334.6,8,-177,-163,0,1,63
3279,680,668,-2.11,96588.20,67.73,8.11,190519 ,32.240662,-98.200005,335.2,8,-178,-163,0,1,63
3279,681,669,-1.35,96579.42,67.73,8.23,190520 ,32.240662,-98.200005,335.7,8,-177,-163,0,1,63
3279,682,670,-0.67,96571.56,67.73,8.13,190521 ,32.240662,-98.200012,336.1,8,-175,-163,0,1,63
3279,683,671,-1.16,96577.23,67.73,8.30,190522 ,32.240662,-98.200005,336.4,8,-177,-162,0,1,62
3279,684,672,-1.42,96580.25,67.73,8.10,190523 ,32.240662,-98.200005,336.8,8,-178,-162,0,1,62
3279,685,673,-1.72,96583.69,67.74,8.08,190524 ,32.240662,-98.200005,337.0,8,-177,-163,0,1,62
3279,686,674,-1.90,96585.83,67.74,8.07,190525 ,32.240665,-98.200012,338.2,8,-177,-163,0,1,61
3279,687,675,-1.71,96583.62,67.75,7.97,190526 ,32.240669,-98.200005,339.3,8,-178,-163,0,1,61
3279,688,676,-1.33,96579.21,67.75,8.19,190527 ,32.240673,-98.200005,340.2,8,-178,-163,0,1,61
3279,689,677,-1.59,96582.26,67.75,8.27,190528 ,32.240681,-98.200005,341.2,8,-177,-162,0,1,61
3279,690,678,-1.37,96579.64,67.75,8.04,190529 ,32.240685,-98.200005,342.2,8,-177,-163,0,1,60
3279,691,679,-0.83,96573.48,67.76,8.14,190530 ,32.240685,-98.200005,342.2,8,-177,-162,0,1,60
3279,692,680,-2.04,96587.41,67.76,8.31,190531 ,32.240685,-98.200005,342.2,8,-177,-163,0,1,60
3279,693,681,-2.04,96587.41,67.76,8.11,190532 ,32.240685,-98.200005,342.2,8,-178,-163,0,1,60
3279,694,682,-1.74,96583.91,67.76,8.16,190533 ,32.240685,-98.200005,342.3,8,-178,-162,0,1,59
3279,695,683,-1.27,96578.57,67.77,8.22,190534 ,32.240685,-98.200005,342.3,8,-178,-163,0,1,59
3279,696,684,-1.57,96582.02,67.78,8.21,190535 ,32.240685,-98.200005,342.3,8,-178,-163,0,1,59
3279,697,685,-1.38,96579.82,67.78,8.27,190536 ,32.240685,-98.200005,342.3,8,-178,-163,0,1,59
3279,698,686,-1.84,96585.06,67.78,8.27,190537 ,32.240685,-98.200005,342.4,8,-177,-163,0,1,58
3279,699,687,-1.27,96578.52,67.78,8.27,190538 ,32.240685,-98.200005,342.4,8,-177,-162,0,1,58
3279,700,688,-0.85,96573.66,67.78,8.22,190539 ,32.240685,-98.200005,342.4,8,-150,-163,0,1,58
3279,701,689,-1.68,96583.20,67.79,8.17,190540 ,32.240685,-98.200005,342.4,8,-178,-162,0,1,58
3279,702,690,-0.99,96575.34,67.79,8.04,190541 ,32.240685,-98.200005,342.5,8,-177,-162,0,1,58
3279,703,691,-0.91,96574.36,67.80,8.18,190542 ,32.240685,-98.200005,342.5,8,-177,-163,0,1,57
3279,704,692,-1.65,96582.95,67.81,8.21,190543 ,32.240685,-98.200005,342.5,8,-129,-163,0,1,57
3279,705,693,-1.47,96580.82,67.81,8.30,190544 ,32.240685,-98.200005,342.5,8,-178,-163,0,1,57
3279,706,694,-1.42,96580.27,67.82,8.17,190545 ,32.240685,-98.200005,342.5,8,-178,-163,0,1,57
3279,707,695,-1.28,96578.62,67.81,8.08,190546 ,32.240685,-98.200005,342.5,8,-177,-163,0,1,56
3279,708,696,-1.26,96578.47,67.83,8.15,190547 ,32.240685,-98.200005,342.6,8,-178,-163,0,1,56
3279,709,697,-1.83,96585.02,67.83,8.20,190548 ,32.240685,-98.200005,342.6,8,-178,-162,0,1,56
3279,710,698,-1.71,96583.66,67.83,8.22,190549 ,32.240685,-98.200005,342.6,8,-177,-163,0,1,55
3279,711,699,-1.98,96586.67,67.84,8.35,190550 ,32.240688,-98.200005,342.6,8,-177,-163,0,1,55
3279,712,700,-1.15,96577.09,67.83,8.34,190551 ,32.240688,-98.200005,342.6,8,-178,-163,0,1,55
3279,713,701,-1.48,96580.94,67.84,8.23,190552 ,32.240688,-98.200005,342.6,8,-177,-163,0,1,55
3279,714,702,-0.76,96572.59,67.84,8.20,190553 ,32.240688,-98.200005,342.6,8,-178,-163,0,1,54
3279,715,703,-0.95,96574.81,67.84,8.14,190554 ,32.240688,-98.200005,342.6,8,-178,-163,0,1,54
3279,716,704,-1.25,96578.26,67.85,8.43,190555 ,32.240688,-98.200005,342.6,8,-177,-162,0,1,54
3279,717,705,-1.28,96578.66,67.85,8.07,190556 ,32.240688,-98.200005,342.6,8,-178,-163,0,1,54
3279,718,706,-1.62,96582.58,67.85,8.16,190557 ,32.240688,-98.200005,342.6,8,-177,-162,0,1,53
3279,719,707,-1.32,96579.08,67.85,8.24,190558 ,32.240688,-98.200005,342.6,8,-178,-163,0,1,53
3279,720,708,-1.39,96579.91,67.86,8.32,190559 ,32.240688,-98.200005,342.6,8,-178,-163,0,1,53
3279,721,709,-1.57,96582.03,67.86,8.15,190600 ,32.240688,-98.200005,342.6,8,-178,-163,0,1,53
3279,722,710,-1.42,96580.23,67.87,8.40,190600 ,32.240688,-98.200005,342.6,8,-178,-162,0,1,53
3279,723,711,-1.11,96576.73,67.87,8.14,190602 ,32.240688,-98.200005,342.6,8,-177,-162,0,1,53
3279,724,712,-1.68,96583.28,67.87,8.15,190603 ,32.240688,-98.200005,342.6,8,-177,-163,0,1,53
3279,725,713,-1.46,96580.66,67.87,8.35,190604 ,32.240688,-98.200005,343.0,8,-178,-163,0,1,53
3279,726,714,-1.79,96584.50,67.88,8.11,190604 ,32.240688,-98.200005,343.0,8,-178,-163,0,1,53
3279,727,715,-1.52,96581.39,67.88,8.13,190604 ,32.240688,-98.200005,343.0,8,-178,-163,0,1,54
3279,728,716,-1.33,96579.20,67.88,7.94,190607 ,32.240688,-98.200005,343.0,8,-178,-163,0,1,54
3279,729,717,-1.48,96580.94,67.89,8.28,190608 ,32.240688,-98.200005,343.0,8,-178,-162,0,1,54
3279,730,718,-1.63,96582.67,67.89,8.05,190608 ,32.240688,-98.200005,343.0,8,-178,-163,0,1,53
3279,731,719,-1.52,96581.36,67.89,8.29,190608 ,32.240688,-98.200005,343.0,8,-178,-162,0,1,53
3279,732,720,-1.59,96582.19,67.89,8.11,190608 ,32.240688,-98.200005,343.0,8,-178,-163,0,1,53
3279,733,721,-1.33,96579.17,67.89,8.32,190612 ,32.240688,-98.200005,343.0,8,-177,-163,0,1,53
3279,734,722,-1.73,96583.83,67.90,8.29,190612 ,32.240688,-98.200005,343.0,8,-178,-163,0,1,53
3279,735,723,-1.31,96579.02,67.91,8.20,190612 ,32.240688,-98.200005,343.0,8,-178,-163,0,1,53
3279,736,724,-1.38,96579.84,67.91,8.32,190612 ,32.240688,-98.200005,343.0,8,-177,-162,0,1,53
3279,737,725,-1.12,96576.79,67.91,8.23,190612 ,32.240688,-98.200005,343.0,8,-177,-162,0,1,53
3279,738,726,-1.53,96581.55,67.91,8.19,190617 ,32.240688,-98.200005,343.0,8,-178,-163,0,1,53
3279,740,727,-1.07,96576.23,67.92,8.14,190618 ,32.240688,-98.200005,343.2,8,-178,-163,0,1,53
3279,741,728,-1.41,96580.17,67.92,8.37,190618 ,32.240688,-98.200005,343.2,8,-174,-162,0,1,53
3279,742,729,-1.30,96578.86,67.92,8.09,190618 ,32.240688,-98.200005,343.2,8,-174,-162,0,1,53
3279,743,730,-1.14,96577.06,67.93,8.19,190618 ,32.240688,-98.200005,343.2,8,-176,-162,0,1,54
3279,744,731,-1.52,96581.42,67.93,8.15,190622 ,32.240688,-98.200005,343.3,8,-139,-162,0,1,53
3279,745,732,-0.61,96570.94,67.93,8.20,190622 ,32.240688,-98.200005,343.3,8,-148,-162,0,1,53
3279,746,733,-1.40,96580.02,67.94,8.13,190622 ,32.240688,-98.200005,343.3,8,-151,-163,0,1,53
3279,747,734,-0.41,96568.64,67.94,8.04,190622 ,32.240688,-98.200005,343.3,8,-143,-162,0,1,53
3279,748,735,-0.71,96572.09,67.94,8.27,190626 ,32.240688,-98.200005,343.4,8,-150,-162,0,1,53
3279,749,736,-1.17,96577.33,67.94,8.09,190628 ,32.240688,-98.200005,343.4,8,-96,-163,0,1,53
3279,750,737,-1.09,96576.41,67.95,8.21,190628 ,32.240688,-98.200005,343.4,8,-153,-162,0,1,53
3279,751,738,-1.50,96581.17,67.95,8.11,190629 ,32.240688,-98.200005,343.4,8,-178,-163,0,1,53
3279,752,739,-0.97,96575.05,67.95,8.32,190630 ,32.240688,-98.200005,343.4,8,-101,-163,0,1,53
3279,753,740,-1.31,96578.97,67.95,8.08,190631 ,32.240688,-98.200005,343.4,8,-167,-162,0,1,53
3279,754,741,-0.89,96574.12,67.96,8.17,190632 ,32.240688,-98.200005,343.5,8,-146,-162,0,1,53
3279,755,742,-0.93,96574.55,67.96,8.16,190634 ,32.240688,-98.200005,343.5,8,-176,-163,0,1,53
3279,756,743,-1.23,96578.00,67.96,8.21,190635 ,32.240688,-98.200005,343.5,8,-177,-163,0,1,52
3279,757,744,-0.47,96569.25,67.97,7.91,190636 ,32.240688,-98.200005,343.5,8,-178,-163,0,1,52
3279,758,745,-1.22,96577.94,67.97,8.25,190637 ,32.240688,-98.200005,343.5,8,-177,-163,0,1,53
3279,759,746,-0.61,96570.95,67.97,8.34,190638 ,32.240688,-98.200005,343.6,8,-176,-162,0,1,53
3279,760,747,-1.29,96578.77,67.98,8.36,190639 ,32.240688,-98.200005,343.6,8,-175,-162,0,1,53
3279,761,748,-0.08,96564.73,67.98,8.21,190640 ,32.240688,-98.200005,343.6,8,-170,-162,0,1,52
3279,762,749,-1.17,96577.35,67.98,8.31,190640 ,32.240688,-98.200005,343.6,8,-177,-163,0,1,52
3279,763,750,-1.28,96578.66,67.98,8.05,190642 ,32.240688,-98.200005,343.7,8,-178,-163,0,1,52
3279,764,751,-0.90,96574.25,67.99,8.13,190643 ,32.240688,-98.200005,343.7,8,-178,-163,0,1,52
3279,765,752,-0.79,96572.93,67.99,8.33,190644 ,32.240688,-98.200005,343.7,8,-178,-162,0,1,52
3279,766,753,-0.55,96570.25,67.99,8.34,190645 ,32.240688,-98.200005,343.7,8,-177,-162,0,1,52
3279,767,754,-1.12,96576.80,67.99,8.36,190646 ,32.240688,-98.200005,343.7,8,-175,-162,0,1,52
3279,768,755,-1.19,96577.62,68.00,8.14,190647 ,32.240688,-98.200005,343.7,8,-178,-162,0,1,52
3279,769,756,-0.70,96571.95,68.00,8.21,190648 ,32.240688,-98.200005,343.7,8,-178,-162,0,1,52
3279,770,757,-0.47,96569.27,68.00,8.14,190649 ,32.240688,-98.200005,343.7,8,-171,-163,0,1,52
3279,771,758,-0.32,96567.57,68.00,8.05,190650 ,32.240688,-98.200005,343.7,8,-172,-162,0,1,52
3279,772,759,-0.54,96570.09,68.01,8.18,190651 ,32.240688,-98.200005,343.7,8,-162,-163,0,1,52
3279,773,760,-0.24,96566.59,68.01,8.24,190652 ,32.240692,-98.200005,344.0,8,-149,-163,0,1,52
3279,774,761,-0.91,96574.36,68.02,8.18,190653 ,32.240692,-98.200005,344.3,8,-177,-162,0,1,52
3279,775,762,-0.54,96570.03,68.02,8.07,190654 ,32.240696,-98.200005,344.5,8,-178,-162,0,1,52
3279,776,763,-0.49,96569.55,68.02,8.35,190655 ,32.240700,-98.200005,344.8,8,-177,-162,0,1,52
3279,777,764,-1.47,96580.85,68.03,8.22,190656 ,32.240700,-98.200005,345.0,8,-179,-163,0,1,52
3279,778,765,-0.90,96574.30,68.03,8.22,190657 ,32.240704,-98.200005,345.3,8,-178,-162,0,1,52
3279,779,766,-0.52,96569.88,68.03,8.27,190658 ,32.240704,-98.200005,345.3,8,-178,-162,0,1,52
3279,780,767,-0.75,96572.50,68.03,8.34,190659 ,32.240704,-98.200005,345.3,8,-150,-162,0,1,52
3279,781,768,-1.43,96580.36,68.03,8.18,190700 ,32.240704,-98.200005,345.3,8,-170,-163,0,1,52
3279,782,769,-0.55,96570.27,68.03,8.26,190701 ,32.240704,-98.200005,345.3,8,-176,-162,0,1,52
3279,783,770,-0.36,96568.02,68.04,8.36,190702 ,32.240704,-98.200005,345.3,8,-175,-162,0,1,53
3279,784,771,0.58,96557.10,68.04,8.25,190703 ,32.240704,-98.200005,345.3,8,-24,-131,0,1,22
3279,787,772,398.65,92046.73,68.04,8.15,190706 ,-1,-1,-1,1,-1,17,0,2,-1
3279,788,773,461.42,91351.36,68.05,8.05,190706 ,-1,-1,-1,1,-8,14,0,2,-1
3279,789,774,514.31,90768.64,68.05,8.19,190707 ,-1,-1,-1,1,-7,20,0,2,-1
3279,789,775,563.70,90227.34,68.06,8.27,190708 ,-1,-1,-1,2,-10,17,0,2,-1
3279,790,776,622.85,89582.45,68.07,8.11,190709 ,-1,-1,-1,2,-10,11,0,2,-1
3279,791,777,653.91,89245.31,68.08,8.05,190710 ,-1,-1,-1,2,-8,19,0,3,-1
3279,795,778,710.94,88629.02,68.10,8.11,190714 ,-1,-1,-1,4,-50,-24,0,3,-1
3279,796,779,707.42,88666.92,68.10,8.31,190714 ,-1,-1,-1,0,-4,72,0,3,-1
3279,806,779,567.79,90182.64,66.66,8.18,190725 ,-1,-1,-1,0,70,39,0,3,-1
3279,811,780,475.59,91194.90,66.25,8.27,190730 ,-1,-1,-1,6,-3,73,0,4,-1
3279,812,781,464.29,91319.62,66.16,8.19,190730 ,-1,-1,-1,6,-121,60,0,4,-1
3279,813,782,450.77,91468.95,66.10,8.27,190731 ,-1,-1,-1,6,-116,23,0,4,-1
3279,814,783,434.85,91645.12,66.04,8.32,190732 ,-1,-1,-1,8,-134,110,0,4,17
3279,819,784,355.24,92530.14,65.71,8.43,190738 ,-1,-1,-1,1,-50,49,0,4,-1
3279,826,785,250.30,93707.21,65.29,7.91,190746 ,-1,-1,-1,0,38,-22,0,4,-1
3279,827,786,235.16,93878.06,65.19,8.32,190746 ,-1,-1,-1,0,-31,-115,0,4,-1
3279,828,787,222.35,94022.80,65.22,8.44,190746 ,-1,-1,-1,6,159,79,0,4,-1
3279,829,788,216.56,94088.28,65.20,8.33,190748 ,32.244263,-98.199295,-1,6,115,72,0,4,-1
3279,830,789,202.49,94247.52,65.15,8.35,190749 ,32.244534,-98.198891,345.3,6,114,78,0,4,-1
3279,831,790,194.16,94341.95,65.10,8.31,190750 ,32.244698,-98.198784,344.4,7,65,95,0,4,-1
3279,832,791,185.20,94443.53,65.04,8.09,190751 ,32.244812,-98.198776,338.1,7,114,92,0,4,-1
3279,833,792,178.61,94518.31,64.96,8.38,190752 ,32.244915,-98.198769,331.2,7,-9,79,0,4,-1
3279,834,793,169.63,94620.30,64.90,8.04,190753 ,32.244953,-98.198975,315.6,7,117,109,0,4,-1
3279,835,794,154.66,94790.61,64.83,8.10,190754 ,32.245102,-98.198944,312.0,7,54,105,0,4,-1
3279,836,795,143.81,94914.12,64.82,8.43,190755 ,32.245193,-98.199249,310.0,7,80,96,0,4,-1
3279,837,796,133.03,95036.99,64.75,8.36,190756 ,32.245354,-98.199432,303.9,8,101,88,0,4,-1
3279,838,797,121.88,95164.16,64.73,8.36,190757 ,32.245537,-98.199554,315.3,8,198,44,0,4,47
3279,841,798,73.04,95723.09,64.58,8.65,190801 ,-1,-1,-1,1,54,13,0,4,-1
3279,842,799,66.93,95793.17,64.52,8.61,190801 ,-1,-1,-1,1,151,69,0,4,-1
3279,843,800,53.16,95951.30,64.43,8.55,190802 ,-1,-1,-1,7,91,95,0,4,-1
3279,844,801,45.88,96035.01,64.35,8.61,190803 ,32.246380,-98.199829,-1,7,153,67,0,4,-1
3279,845,802,26.22,96261.31,64.30,8.55,190804 ,32.246525,-98.199821,357.6,8,106,67,0,4,-1
