Team ID, Mission Time (s),Packet Count,Altitude (m),Pressure (Pa),Temperature (F),Voltage (Volts),GPS Time (hhmmss),GPS Latitude (Degree),GPS Longitude (Degree),GPS Altitude (m),GPS Stats,Pitch (Degree),Roll (Degree),Blade Spin Rate,Software Stats,Bonus Direction
3279,263,253,-0.93,96574.6,66.16,8.09,185822,32.2406,-98.1998,223,6,-164,-164,0,1,-21
3279,264,254,-1,96575.4,66.16,8.22,185823,32.2406,-98.1998,223,6,-86,-161,0,1,-23
3279,265,255,-0.54,96570.1,66.16,8.34,185824,32.2407,-98.1998,223,6,-174,-161,0,1,-23
3279,266,256,-0.23,96566.6,66.17,8.13,185825,32.2407,-98.1998,223,6,-91,-162,0,1,-23
3279,267,257,-0.62,96571,66.17,8.36,185827,32.2407,-98.1998,223.1,6,-177,-162,0,1,-23
3279,268,258,-0.98,96575.2,66.17,8.29,185828,32.2407,-98.1998,223.1,6,-156,-163,0,1,-22
3279,269,259,-0.98,96575.2,66.18,8.22,185829,32.2408,-98.1998,223.2,6,-176,-162,0,1,-23
3279,270,260,-1.01,96575.6,66.18,8.39,185830,32.2408,-98.1998,223.2,6,-125,-163,0,1,-23
3279,271,261,-0.94,96574.7,66.19,8.24,185831,32.2408,-98.1998,223.2,6,-139,-163,0,1,-24
3279,272,262,-1.12,96576.8,66.19,8.31,185832,32.2408,-98.1998,223.3,6,-140,-163,0,1,-24
3279,273,263,-0.74,96572.4,66.2,8.14,185833,32.2408,-98.1998,223.3,6,-172,-162,0,1,-24
3279,274,264,-0.59,96570.6,66.2,8.14,185834,32.2408,-98.1998,223.3,6,-163,-162,0,1,-24
3279,275,265,-1.26,96578.4,66.21,8.38,185835,32.2408,-98.1998,223.4,6,-174,-164,0,1,-25
3279,276,266,-0.99,96575.3,66.21,8.14,185836,32.2408,-98.1998,223.4,6,-167,-162,0,1,-25
3279,277,267,-0.91,96574.4,66.22,8.22,185837,32.2408,-98.1998,223.5,6,-176,-162,0,1,-25
3279,278,268,-0.8,96573.1,66.22,8.03,185838,32.2408,-98.1997,223.5,6,-176,-162,0,1,-25
3279,279,269,-0.64,96571.2,66.23,8.45,185839,32.2408,-98.1997,223.5,6,-156,-161,0,1,-24
3279,280,270,-1.12,96576.8,66.24,8.41,185840,32.2408,-98.1997,223.6,6,-146,-165,0,1,-26
3279,281,271,-0.93,96574.6,66.24,8.3,185840,32.2408,-98.1997,223.6,6,-159,-162,0,1,-28
3279,282,272,-0.78,96572.8,66.25,8.3,185841,32.2408,-98.1997,223.6,6,-145,-162,0,1,-27
3279,283,273,-1.07,96576.3,66.25,8.33,185842,32.2408,-98.1997,223.6,6,-75,-160,0,1,-27
3279,284,274,-0.66,96571.4,66.25,8.1,185843,32.2408,-98.1997,223.7,6,-109,-161,0,1,-27
3279,285,275,0.03,96563.5,66.26,8.09,185844,32.2408,-98.1998,223.8,6,-59,-163,0,1,0
3279,286,276,-0.16,96565.7,66.27,8.26,185845,32.2408,-98.1997,223.8,6,-19,-160,0,1,-27
3279,287,277,-0.53,96570,66.27,8.44,185846,32.2408,-98.1997,223.9,6,-33,-165,0,1,-27
3279,288,278,0.07,96563.1,66.27,7.94,185847,32.2408,-98.1997,223.9,6,-16,-163,0,1,-26
3279,289,279,-0.67,96571.6,66.28,8.16,185848,32.2408,-98.1997,224,6,-145,-164,0,1,-26
3279,290,280,-0.79,96572.9,66.28,8.15,185849,32.2408,-98.1997,224,6,-62,-164,0,1,-25
3279,291,281,-0.17,96565.9,66.29,8.16,185850,32.2408,-98.1998,224,6,-129,-163,0,1,-24
3279,292,282,-0.51,96569.8,66.29,8.34,185851,32.2408,-98.1998,224,6,-69,-162,0,1,-24
3279,293,283,-0.62,96571,66.3,8.05,185852,32.2408,-98.1998,224,6,-104,-162,0,1,-25
3279,294,284,-0.32,96567.5,66.3,8.16,185853,32.2408,-98.1998,224,6,-102,-165,0,1,-25
3279,295,285,-0.46,96569.1,66.31,8.23,185854,32.2408,-98.1998,224,6,-104,-161,0,1,-26
3279,296,286,-0.65,96571.4,66.31,8.2,185855,32.2408,-98.1998,224,6,-46,-160,0,1,-26
3279,297,287,-0.72,96572.2,66.31,8.28,185855,32.2408,-98.1998,224,6,-103,-162,0,1,-26
3279,298,288,-0.79,96573,66.32,8.35,185857,32.2408,-98.1997,224,6,-138,-161,0,1,-28
3279,299,289,-0.86,96573.8,66.32,8.39,185858,32.2408,-98.1997,224,6,-176,-163,0,1,-28
3279,300,290,-0.86,96573.8,66.32,8.3,185858,32.2408,-98.1997,224,6,-177,-163,0,1,-28
3279,301,291,-1.01,96575.5,66.33,8.19,185858,32.2408,-98.1997,224,6,-177,-163,0,1,-29
3279,302,292,-0.51,96569.8,66.34,8.16,185901,32.2408,-98.1997,224,6,-177,-163,0,1,-29
3279,303,293,-0.85,96573.6,66.34,8.22,185902,32.2408,-98.1997,224,6,-177,-163,0,1,-30
3279,304,294,-0.92,96574.5,66.34,8.18,185902,32.2408,-98.1997,224,6,-171,-163,0,1,-30
3279,305,295,-1.03,96575.8,66.35,8.07,185902,32.2408,-98.1997,224,6,-178,-162,0,1,-30
3279,306,296,-1.41,96580.1,66.35,8.39,185902,32.2408,-98.1997,224,6,-124,-162,0,1,-30
3279,307,297,-1.4,96580,66.36,8.26,185902,32.2408,-98.1997,224,6,-63,-162,0,1,-30
3279,308,298,-0.87,96573.9,66.36,8.13,185907,32.2407,-98.1997,224,6,-120,-163,0,1,-31
3279,309,299,-1.51,96581.3,66.37,8.28,185907,32.2407,-98.1997,224,6,-88,-163,0,1,-31
3279,310,300,-1.16,96577.3,66.37,8.09,185907,32.2407,-98.1997,224,6,-146,-162,0,1,-31
3279,311,301,-0.86,96573.8,66.38,8.14,185907,32.2407,-98.1997,224,6,-134,-162,0,1,-31
3279,312,302,-1.12,96576.8,66.38,8.26,185911,32.2407,-98.1997,226.3,6,-121,-163,0,1,-31
3279,313,303,-0.74,96572.4,66.38,8.09,185912,32.2407,-98.1997,226.4,6,-172,-163,0,1,-32
3279,314,304,-1.53,96581.5,66.39,8.12,185912,32.2407,-98.1997,226.4,6,-166,-163,0,1,-32
3279,315,305,-0.88,96574.1,66.39,8.13,185914,32.2407,-98.1997,226.8,6,-166,-162,0,1,-32
3279,316,306,-0.84,96573.6,66.4,8.26,185915,32.2407,-98.1997,227,6,-178,-162,0,1,-33
3279,317,307,-1.51,96581.3,66.4,8.13,185916,32.2407,-98.1997,227.1,6,-178,-163,0,1,-33
3279,318,308,-1.51,96581.3,66.4,8.35,185917,32.2407,-98.1997,227.3,6,-177,-163,0,1,-33
3279,319,309,-1.24,96578.2,66.41,8.33,185918,32.2407,-98.1997,227.6,6,-174,-163,0,1,-33
3279,320,310,-0.75,96572.5,66.41,8.17,185920,32.2406,-98.1997,228.6,7,-133,-163,0,1,-33
3279,321,311,-1.24,96578.2,66.42,8.16,185921,32.2406,-98.1997,228.9,7,-178,-163,0,1,-33
3279,322,312,-1.31,96579,66.42,8.27,185922,32.2406,-98.1998,229.2,7,-158,-163,0,1,-33
3279,323,313,-1.27,96578.5,66.43,8.31,185923,32.2406,-98.1998,229.5,7,-151,-163,0,1,-33
3279,325,314,-1.31,96578.9,66.43,8.41,185924,32.2406,-98.1998,229.8,7,-173,-162,0,1,-33
3279,326,315,-1.38,96579.8,66.43,8.36,185925,32.2406,-98.1998,230.1,7,-93,-163,0,1,-34
3279,327,316,-0.92,96574.4,66.44,8.11,185926,32.2406,-98.1998,230.4,7,-5,-160,0,1,-34
3279,328,317,-0.54,96570.1,66.44,8.09,185927,32.2406,-98.1998,230.7,7,-121,-163,0,1,-34
3279,329,318,-0.54,96570,66.45,8.1,185928,32.2406,-98.1998,231,7,-34,-160,0,1,-35
3279,330,319,-0.76,96572.6,66.45,8.4,185929,32.2406,-98.1998,231.3,7,-63,-162,0,1,-35
3279,331,320,-0.83,96573.4,66.46,8.25,185930,32.2405,-98.1998,231.5,7,-96,-161,0,1,-35
3279,332,321,-0.98,96575.2,66.46,8.13,185931,32.2405,-98.1998,231.8,7,-148,-162,0,1,-35
3279,333,322,-0.9,96574.2,66.46,8.27,185932,32.2405,-98.1998,232.1,7,-177,-163,0,1,-36
3279,334,323,-0.78,96572.9,66.47,8.28,185933,32.2405,-98.1998,232.3,7,-177,-163,0,1,-36
3279,335,324,-1.11,96576.7,66.48,8.21,185934,32.2405,-98.1998,232.6,7,-136,-163,0,1,-36
3279,336,325,-0.24,96566.7,66.48,8.35,185935,32.2405,-98.1998,232.8,7,-144,-162,0,1,-36
3279,337,326,-0.54,96570.1,66.49,8.18,185936,32.2405,-98.1998,233.1,7,-141,-162,0,1,-36
3279,338,327,-0.66,96571.4,66.49,8.21,185937,32.2405,-98.1998,233.3,7,-155,-163,0,1,-36
3279,339,328,-1.55,96581.8,66.49,8.23,185938,32.2405,-98.1998,233.5,7,-154,-162,0,1,-37
3279,340,329,-0.99,96575.3,66.49,8.23,185939,32.2405,-98.1998,233.8,7,-169,-163,0,1,-37
3279,341,330,-1.25,96578.2,66.5,8.29,185940,32.2405,-98.1998,234.1,7,-130,-162,0,1,-37
3279,342,331,-1.17,96577.3,66.51,8.38,185941,32.2405,-98.1998,234.4,7,13,-162,0,1,-37
3279,343,332,-1.43,96580.4,66.51,8.38,185942,32.2405,-98.1998,234.6,7,-138,-161,0,1,-38
3279,344,333,-1.09,96576.4,66.52,8.16,185943,32.2405,-98.1998,234.8,7,-172,-162,0,1,-38
3279,345,334,-0.67,96571.6,66.52,8.25,185944,32.2405,-98.1998,235.1,7,-167,-163,0,1,-38
3279,346,335,-0.74,96572.4,66.52,8.21,185945,32.2405,-98.1998,235.4,7,-158,-163,0,1,-39
3279,347,336,-0.88,96574.1,66.53,8.14,185946,32.2405,-98.1998,235.6,7,-168,-163,0,1,-39
3279,348,337,-1,96575.4,66.53,8.13,185947,32.2405,-98.1998,235.8,7,-176,-163,0,1,-39
3279,349,338,-1.11,96576.7,66.53,8.13,185948,32.2405,-98.1998,236.1,7,-172,-162,0,1,-40
3279,350,339,-1.03,96575.7,66.54,8.19,185949,32.2405,-98.1998,236.3,7,-178,-163,0,1,-40
3279,351,340,-1.01,96575.6,66.56,8.2,185950,32.2405,-98.1999,236.6,7,-178,-162,0,1,-40
3279,352,341,-1.21,96577.8,66.55,8.14,185951,32.2405,-98.1999,236.9,7,-166,-163,0,1,-40
3279,353,342,-0.74,96572.4,66.57,8.31,185952,32.2405,-98.1999,237.1,7,-161,-162,0,1,-40
3279,354,343,-0.97,96575,66.57,8.15,185953,32.2405,-98.1999,237.4,7,-169,-162,0,1,-40
3279,355,344,-1.04,96575.8,66.57,8.16,185954,32.2405,-98.1999,237.7,7,-99,-163,0,1,-40
3279,356,345,-1.3,96578.9,66.58,8.15,185955,32.2405,-98.1999,238.1,8,-133,-162,0,1,-41
3279,357,346,-1.03,96575.8,66.58,8.08,185956,32.2405,-98.1999,238.4,8,-176,-164,0,1,-41
3279,358,347,-1.9,96585.8,66.59,8.28,185957,32.2405,-98.1999,238.7,8,-150,-162,0,1,-42
3279,359,348,-1.36,96579.6,66.59,8.06,185958,32.2405,-98.1999,239.1,8,-178,-163,0,1,-42
3279,360,349,-1.17,96577.4,66.59,8.13,185959,32.2405,-98.1999,239.4,8,-156,-162,0,1,-42
3279,361,350,-1.36,96579.6,66.6,8.35,190000,32.2405,-98.1999,239.6,8,-88,-162,0,1,-42
3279,362,351,-0.75,96572.5,66.6,8.2,190001,32.2405,-98.1999,239.9,8,-57,-162,0,1,-41
3279,363,352,-1.12,96576.8,66.61,8.32,190002,32.2405,-98.1999,240.2,8,-131,-161,0,1,-42
3279,364,353,-0.14,96565.4,66.61,8.08,190003,32.2405,-98.1999,240.5,8,-99,-164,0,1,-42
3279,365,354,-1.11,96576.7,66.62,8.06,190004,32.2405,-98.1999,240.8,8,-88,-161,0,1,-43
3279,366,355,-1.26,96578.4,66.62,7.92,190005,32.2405,-98.1999,241.1,8,-176,-163,0,1,-43
3279,367,356,-0.92,96574.4,66.63,8.3,190006,32.2405,-98.1999,241.3,8,-176,-163,0,1,-43
3279,368,357,-1.48,96581,66.63,8.13,190007,32.2405,-98.1999,241.6,8,-165,-163,0,1,-44
3279,369,358,-1.4,96580,66.64,8.14,190008,32.2405,-98.1999,241.9,8,-175,-163,0,1,-44
3279,370,359,-1.44,96580.5,66.63,8.39,190009,32.2405,-98.1999,242.2,8,-177,-162,0,1,-44
3279,371,360,-1.21,96577.8,66.64,8.36,190010,32.2405,-98.1999,242.5,8,-178,-163,0,1,-44
3279,372,361,-1.62,96582.6,66.65,8.29,190011,32.2405,-98.1999,242.7,8,-177,-163,0,1,-45
3279,373,362,-1.24,96578.2,66.65,8.24,190012,32.2405,-98.1999,243,8,-178,-163,0,1,-45
3279,374,363,-1.19,96577.6,66.66,8.36,190013,32.2405,-98.1999,243.3,8,-178,-163,0,1,-45
3279,375,364,-1.61,96582.4,66.66,8.22,190014,32.2405,-98.1999,243.6,8,-74,-162,0,1,-44
3279,376,365,0.58,96557.1,66.66,8.21,190015,32.2405,-98.1999,243.9,8,-119,-162,0,1,-45
3279,377,366,-0.36,96568,66.67,8.23,190016,32.2405,-98.1999,244.2,8,-18,-163,0,1,-45
3279,378,367,-0.17,96565.8,66.67,8.13,190017,32.2405,-98.2,244.4,8,-158,-161,0,1,-45
3279,379,368,-0.12,96565.3,66.67,8.14,190018,32.2405,-98.2,244.7,8,-22,-162,0,1,-46
3279,380,369,-0.87,96573.9,66.68,8.21,190019,32.2405,-98.2,245,8,-169,-162,0,1,-46
3279,381,370,-2,96587,66.69,8.27,190020,32.2405,-98.2,245.3,8,-108,-163,0,1,-47
3279,382,371,-1.02,96575.6,66.69,8.12,190021,32.2405,-98.2,245.6,8,-178,-162,0,1,-47
3279,383,372,-0.9,96574.3,66.69,8.06,190022,32.2405,-98.2,245.9,8,-94,-163,0,1,-47
3279,384,373,-1.5,96581.2,66.7,8.22,190023,32.2405,-98.2,246.2,8,-92,-162,0,1,-47
3279,385,374,-1.57,96582,66.7,8.13,190024,32.2405,-98.2,246.5,8,-176,-163,0,1,-47
3279,386,375,-1.31,96579,66.7,8.22,190025,32.2405,-98.2,246.8,8,-159,-162,0,1,-48
3279,387,376,-0.14,96565.4,66.71,8.29,190026,32.2405,-98.2,247.1,8,-141,-163,0,1,-47
3279,388,377,-0.7,96571.9,66.71,8.3,190027,32.2405,-98.2,247.4,8,-45,-162,0,1,-47
3279,389,378,-1.07,96576.2,66.72,8.14,190028,32.2405,-98.2,247.7,8,-113,-164,0,1,-48
3279,390,379,-1.18,96577.5,66.72,8.22,190029,32.2405,-98.2,248.1,8,-63,-162,0,1,-48
3279,391,380,-0.46,96569.1,66.73,8.26,190030,32.2405,-98.2,248.4,8,-162,-163,0,1,-48
3279,392,381,-0.8,96573.1,66.73,8.07,190031,32.2405,-98.2,248.7,8,-88,-163,0,1,-49
3279,393,382,-1.09,96576.5,66.73,8.16,190032,32.2405,-98.2,248.9,8,-38,-162,0,1,-48
3279,394,383,-1.24,96578.2,66.74,8.12,190033,32.2405,-98.2,249.3,8,-116,-161,0,1,-48
3279,395,384,-0.29,96567.3,66.74,8.06,190034,32.2405,-98.2,249.6,8,17,-161,0,1,-49
3279,396,385,-0.94,96574.7,66.74,8.12,190035,32.2405,-98.2,249.9,8,-92,-161,0,1,-49
3279,397,386,-0.97,96575.1,66.74,8.14,190036,32.2405,-98.2,250.2,8,-170,-162,0,1,-50
3279,398,387,-0.78,96572.9,66.75,8.16,190037,32.2405,-98.2,250.6,8,-59,-165,0,1,-49
3279,399,388,0.69,96555.8,66.75,8.21,190038,32.2405,-98.2,250.9,8,-74,-162,0,1,-49
3279,400,389,-0.24,96566.7,66.76,8.13,190039,32.2405,-98.2,251.2,8,-81,-165,0,1,-50
3279,401,390,-0.05,96564.4,66.76,8.32,190040,32.2406,-98.2,251.5,8,4,-154,0,1,-50
3279,402,391,1.5,96546.6,66.77,8.38,190041,32.2406,-98.2,251.9,8,-1,-159,0,1,-50
3279,403,392,-0.08,96564.8,66.77,8.08,190042,32.2406,-98.2,252.2,8,-62,-159,0,1,-51
3279,404,393,-0.34,96567.8,66.77,8.07,190043,32.2406,-98.2,252.5,8,-34,-167,0,1,-51
3279,405,394,-0.26,96566.8,66.78,8.23,190044,32.2406,-98.2,252.7,8,-72,-162,0,1,-51
3279,406,395,0.34,96559.9,66.78,8.32,190045,32.2406,-98.2,253.1,8,0,-163,0,1,-52
3279,407,396,-0.9,96574.2,66.79,8.16,190046,32.2406,-98.2,253.4,8,-2,-161,0,1,-52
3279,408,397,-0.75,96572.5,66.79,8.33,190047,32.2406,-98.2,253.7,8,-60,-162,0,1,-52
3279,409,398,0.13,96562.4,66.8,8.02,190048,32.2406,-98.2,254.2,8,-97,-164,0,1,-52
3279,410,399,-0.97,96575,66.79,8.25,190049,32.2406,-98.2,254.6,8,-106,-163,0,1,-53
3279,411,400,-0.66,96571.4,66.8,8.15,190050,32.2406,-98.2,255,8,-146,-162,0,1,-53
3279,412,401,-0.2,96566.2,66.8,8.32,190051,32.2406,-98.2,255.4,8,-136,-162,0,1,-53
3279,413,402,-0.88,96574,66.81,8.09,190052,32.2406,-98.2,255.9,8,-151,-162,0,1,-54
3279,414,403,-0.84,96573.6,66.81,8.1,190053,32.2406,-98.2,256.3,8,-162,-163,0,1,-54
3279,415,404,-0.76,96572.6,66.82,8.35,190054,32.2406,-98.2,256.7,8,-72,-164,0,1,-53
3279,416,405,-0.72,96572.1,66.82,8.29,190055,32.2406,-98.2,257.1,8,-52,-160,0,1,-54
3279,417,406,-0.87,96573.9,66.83,8.39,190056,32.2406,-98.2,257.8,8,-58,-163,0,1,-54
3279,418,407,-1.24,96578.2,66.83,8.17,190057,32.2406,-98.2,258.5,8,-53,-162,0,1,-54
3279,419,408,-1.05,96576,66.83,8.26,190058,32.2406,-98.2,259.2,8,-74,-162,0,1,-54
3279,420,409,-0.33,96567.6,66.84,8.48,190059,32.2406,-98.2,259.7,8,-130,-161,0,1,-55
3279,421,410,-0.29,96567.3,66.83,8.22,190100,32.2406,-98.2,260.3,8,-135,-161,0,1,-55
3279,422,411,-1.23,96578.1,66.84,8.05,190101,32.2406,-98.2,261,8,-173,-164,0,1,-55
3279,423,412,-1.23,96578.1,66.84,8.23,190102,32.2406,-98.2,261.5,8,-106,-164,0,1,-56
3279,424,413,-1.14,96577.1,66.85,8.16,190103,32.2406,-98.2,261.9,8,-162,-163,0,1,-55
3279,425,414,-0.35,96567.9,66.86,8.05,190104,32.2406,-98.2,262.7,8,-134,-163,0,1,-56
3279,426,415,-0.79,96573,66.87,8.19,190105,32.2406,-98.2,263.3,8,-70,-163,0,1,-56
3279,427,416,-0.86,96573.8,66.87,8.1,190106,32.2406,-98.2,264,8,-60,-162,0,1,-57
3279,428,417,-1.02,96575.6,66.87,8.11,190107,32.2406,-98.2,264.6,8,-108,-163,0,1,-57
3279,429,418,-1.5,96581.2,66.88,8.21,190108,32.2406,-98.2,264.6,8,-158,-162,0,1,-57
3279,430,419,-0.82,96573.3,66.88,8.21,190109,32.2406,-98.2,264.6,8,-170,-162,0,1,-58
3279,431,420,-1.04,96575.9,66.88,8.23,190110,32.2406,-98.2,264.7,8,-158,-163,0,1,-58
3279,432,421,-1.45,96580.7,66.89,8.4,190111,32.2406,-98.2,264.7,8,-179,-162,0,1,-58
3279,433,422,-1.23,96578,66.89,8.35,190112,32.2406,-98.2,264.7,8,-169,-161,0,1,-58
3279,434,423,-1.75,96584.1,66.89,8.04,190113,32.2406,-98.2,264.7,8,-125,-162,0,1,-58
3279,435,424,-1.67,96583.1,66.9,8.2,190114,32.2406,-98.2,264.7,8,-167,-163,0,1,-59
3279,436,425,-1.1,96576.6,66.9,8.23,190115,32.2406,-98.2,264.8,8,-178,-163,0,1,-59
3279,437,426,-1.07,96576.2,66.9,8.28,190116,32.2406,-98.2,264.8,8,-158,-163,0,1,-59
3279,438,427,-1.1,96576.6,66.9,8.26,190117,32.2406,-98.2,264.8,8,-174,-163,0,1,-59
3279,439,428,-1.06,96576.1,66.91,8.16,190118,32.2406,-98.2,264.8,8,-176,-163,0,1,-59
3279,440,429,-1.17,96577.3,66.92,8.2,190119,32.2406,-98.2,264.8,8,-147,-163,0,1,-60
3279,441,430,-1.09,96576.4,66.92,8.27,190120,32.2406,-98.2,264.9,8,-134,-163,0,1,-60
3279,442,431,-0.74,96572.4,66.93,8.2,190121,32.2406,-98.2,264.9,8,-171,-162,0,1,-60
3279,443,432,-0.9,96574.2,66.92,8.12,190122,32.2406,-98.2,264.9,8,-158,-163,0,1,-61
3279,444,433,-1.12,96576.8,66.93,8.29,190123,32.2406,-98.2,264.9,8,-177,-162,0,1,-61
3279,445,434,-1.12,96576.8,66.93,8.12,190124,32.2406,-98.2,264.9,8,-49,-162,0,1,-61
3279,446,435,-1.07,96576.2,66.94,8.3,190125,32.2406,-98.2,265,8,-174,-163,0,1,-61
3279,447,436,-1.52,96581.4,66.94,8.43,190126,32.2406,-98.2,265.4,8,-146,-163,0,1,-62
3279,448,437,-1.26,96578.4,66.95,8.17,190127,32.2406,-98.2,265.9,8,-177,-162,0,1,-62
3279,449,438,-1.55,96581.8,66.95,8.25,190128,32.2406,-98.2,266.3,8,-166,-163,0,1,-62
3279,450,439,-1.21,96577.9,66.95,8.17,190129,32.2406,-98.2,266.8,8,-172,-163,0,1,-62
3279,451,440,-1.66,96583.1,66.96,8.24,190130,32.2406,-98.2,266.8,8,-176,-162,0,1,-63
3279,452,441,-1.21,96577.8,66.96,8.2,190131,32.2406,-98.2,266.8,8,-177,-163,0,1,-63
3279,453,442,-1.28,96578.6,66.96,8.2,190132,32.2406,-98.2,267.3,8,-177,-163,0,1,-63
3279,454,443,-1.24,96578.1,66.97,8.38,190133,32.2406,-98.2,267.7,8,-177,-163,0,1,-64
3279,455,444,-1.2,96577.7,66.97,8.13,190134,32.2406,-98.2,268.1,8,-177,-163,0,1,-64
3279,456,445,-1.54,96581.6,66.97,8.2,190135,32.2406,-98.2,268.6,8,-178,-163,0,1,-64
3279,457,446,-1.31,96579,66.97,8.1,190136,32.2406,-98.2,269,8,-177,-163,0,1,-64
3279,458,447,-1.49,96581.1,66.99,8.16,190137,32.2406,-98.2,269.5,8,-177,-163,0,1,-65
3279,459,448,-1.04,96575.8,66.99,8.2,190138,32.2406,-98.2,269.9,8,-178,-162,0,1,-65
3279,460,449,-1.26,96578.4,66.99,8.23,190139,32.2406,-98.2,270.3,8,-178,-163,0,1,-65
3279,461,450,-1.71,96583.6,66.99,8.22,190140,32.2406,-98.2,270.6,8,-178,-163,0,1,-65
3279,462,451,-1.7,96583.6,67,8.34,190141,32.2406,-98.2,271,8,-177,-163,0,1,-65
3279,463,452,-1.85,96585.3,67,8.27,190142,32.2406,-98.2,271.4,8,-178,-162,0,1,-66
3279,464,453,-1.66,96583.1,67.01,8.15,190143,32.2406,-98.2,271.7,8,-178,-163,0,1,-66
3279,465,454,-1.73,96583.9,67.01,8.34,190144,32.2406,-98.2,272,8,-177,-162,0,1,-66
3279,466,455,-1.85,96585.2,67.01,8.3,190145,32.2406,-98.2,272.4,8,-177,-162,0,1,-66
3279,467,456,-1.5,96581.2,67.02,8.32,190146,32.2406,-98.2,272.7,8,-177,-163,0,1,-66
3279,468,457,-1.35,96579.4,67.02,8.18,190147,32.2406,-98.2,273,8,-173,-163,0,1,-66
3279,469,458,-1.3,96578.9,67.03,8.19,190148,32.2406,-98.2,273.4,8,-145,-162,0,1,-66
3279,470,459,-1.42,96580.2,67.03,8.36,190149,32.2406,-98.2,273.8,8,-118,-162,0,1,-67
3279,471,460,-0.85,96573.7,67.03,8.39,190150,32.2406,-98.2,274.1,8,-101,-163,0,1,-67
3279,472,461,-1.07,96576.3,67.03,8.22,190151,32.2406,-98.2,274.4,8,-90,-163,0,1,-67
3279,473,462,-0.51,96569.7,67.03,8.1,190152,32.2406,-98.2,274.8,8,-8,-162,0,1,-67
3279,474,463,-1.22,96577.9,67.04,8.13,190153,32.2406,-98.2,275.1,8,-171,-162,0,1,-67
3279,475,464,-1.22,96577.9,67.04,8.09,190154,32.2406,-98.2,275.5,8,-81,-162,0,1,-68
3279,476,465,-0.57,96570.4,67.05,8.25,190155,32.2406,-98.2,276,8,-31,-162,0,1,-68
3279,477,466,-0.9,96574.3,67.05,8.14,190156,32.2406,-98.2,276.3,8,-165,-162,0,1,-68
3279,478,467,-0.41,96568.6,67.06,8.12,190157,32.2406,-98.2,276.6,8,-38,-163,0,1,-68
3279,479,468,0.08,96562.9,67.06,8.12,190158,32.2406,-98.2,277,8,-123,-162,0,1,-68
3279,480,469,-1.5,96581.2,67.06,8.18,190159,32.2406,-98.2,277.3,8,-102,-163,0,1,-69
3279,481,470,-1.39,96579.9,67.06,8.23,190200,32.2406,-98.2,277.9,8,-143,-163,0,1,-69
3279,482,471,-1.23,96578.1,67.07,8.17,190201,32.2406,-98.2,278.2,8,-165,-159,0,1,-69
3279,483,472,-1.38,96579.8,67.07,8.19,190202,32.2406,-98.2,278.6,8,-118,-162,0,1,-70
3279,484,473,-1.68,96583.3,67.08,8.21,190203,32.2406,-98.2,279,8,-154,-163,0,1,-70
3279,485,474,-0.92,96574.5,67.08,8.2,190204,32.2406,-98.2,279.4,8,-174,-162,0,1,-70
3279,486,475,-1.37,96579.7,67.08,8.16,190205,32.2406,-98.2,279.7,8,-164,-162,0,1,-70
3279,487,476,-0.95,96574.8,67.09,8.21,190206,32.2406,-98.2,280,8,-146,-163,0,1,-70
3279,488,477,-1.1,96576.6,67.09,8.1,190207,32.2406,-98.2,280.3,8,-120,-162,0,1,-71
3279,489,478,-2.27,96590.1,67.09,8.16,190208,32.2406,-98.2,280.8,8,-151,-162,0,1,-71
3279,490,479,-1.47,96580.8,67.1,8.21,190209,32.2406,-98.2,281.2,8,-170,-162,0,1,-71
3279,491,480,-1.85,96585.2,67.1,8.2,190210,32.2406,-98.2,281.7,8,-162,-163,0,1,-72
3279,492,481,-1.58,96582.1,67.1,8.21,190211,32.2406,-98.2,282.1,8,-177,-162,0,1,-72
3279,493,482,-1.54,96581.6,67.11,7.97,190212,32.2406,-98.2,282.6,8,-178,-163,0,1,-72
3279,494,483,-1.61,96582.5,67.11,8.21,190213,32.2406,-98.2,282.9,8,-178,-162,0,1,-72
3279,495,484,-1.54,96581.6,67.11,8.1,190214,32.2406,-98.2,283.2,8,-177,-162,0,1,-73
3279,496,485,-1.41,96580.2,67.12,7.91,190215,32.2406,-98.2,284.1,8,-177,-162,0,1,-73
3279,497,486,-0.96,96574.9,67.13,8.12,190216,32.2406,-98.2,284.5,8,-173,-162,0,1,-73
3279,498,487,-1.41,96580.1,67.13,8.17,190217,32.2406,-98.2,284.5,8,-170,-162,0,1,-73
3279,499,488,-1.41,96580.1,67.13,8.14,190218,32.2406,-98.2,285.2,8,-66,-163,0,1,-74
3279,500,489,-1.32,96579.2,67.14,8.31,190219,32.2406,-98.2,285.2,8,-176,-162,0,1,-74
3279,501,490,-1.17,96577.4,67.13,8.36,190220,32.2406,-98.2,285.2,8,-130,-163,0,1,-74
3279,502,491,-1.55,96581.8,67.14,8.19,190221,32.2406,-98.2,285.2,8,-172,-163,0,1,-74
3279,503,492,-1.32,96579.1,67.14,8.4,190222,32.2406,-98.2,286.6,8,-177,-163,0,1,-75
3279,504,493,-1.28,96578.7,67.14,8.28,190223,32.2406,-98.2,287,8,-177,-163,0,1,-75
3279,505,494,-1.43,96580.4,67.14,8.33,190224,32.2406,-98.2,287.6,8,-177,-163,0,1,-75
3279,506,495,-1.31,96578.9,67.16,8.3,190225,32.2406,-98.2,287.6,8,-177,-163,0,1,-75
3279,507,496,-1.5,96581.1,67.16,8.23,190226,32.2406,-98.2,287.6,8,-178,-163,0,1,-75
3279,508,497,-1.99,96586.8,67.16,8.38,190227,32.2406,-98.2,287.6,8,-90,-162,0,1,-75
3279,509,498,-1.56,96581.9,67.17,8.23,190228,32.2406,-98.2,287.6,8,-139,-163,0,1,-75
3279,510,499,-1.11,96576.7,67.17,8.22,190229,32.2406,-98.2,287.6,8,-148,-161,0,1,-76
3279,511,500,-1.37,96579.7,67.17,8.18,190230,32.2406,-98.2,287.6,8,-119,-163,0,1,-76
3279,512,501,-1.52,96581.4,67.17,8.22,190231,32.2406,-98.2,287.6,8,-82,-163,0,1,-76
3279,513,502,-1.13,96576.9,67.19,8.13,190232,32.2406,-98.2,287.6,8,-62,-162,0,1,-76
3279,514,503,-1.54,96581.7,67.19,8.21,190233,32.2406,-98.2,287.6,8,-177,-162,0,1,-76
3279,515,504,-1.69,96583.4,67.19,8.21,190233,32.2406,-98.2,287.6,8,-175,-163,0,1,-77
3279,516,505,-1.69,96583.4,67.19,8.14,190233,32.2406,-98.2,287.6,8,-177,-163,0,1,-77
3279,517,506,-1.8,96584.6,67.2,7.95,190236,32.2406,-98.2,287.6,8,-156,-163,0,1,-77
3279,518,507,-2.06,96587.6,67.21,8.24,190237,32.2406,-98.2,287.6,8,-123,-162,0,1,-77
3279,519,508,-1.75,96584.1,67.21,8.18,190237,32.2406,-98.2,287.6,8,-176,-162,0,1,-78
3279,520,509,-1.9,96585.8,67.22,8.2,190239,32.2406,-98.2,287.6,8,-177,-163,0,1,-78
3279,521,510,-1.97,96586.6,67.22,8.27,190239,32.2406,-98.2,287.6,8,-178,-162,0,1,-78
3279,522,511,-2.23,96589.7,67.22,8.05,190239,32.2406,-98.2,287.6,8,-177,-162,0,1,-78
3279,523,512,-2.16,96588.8,67.23,7.98,190242,32.2406,-98.2,287.6,8,-177,-161,0,1,-79
3279,524,513,-2.26,96590,67.23,8.33,190242,32.2406,-98.2,287.6,8,-151,-163,0,1,-79
3279,525,514,-2.18,96589.1,67.24,7.98,190242,32.2406,-98.2,287.6,8,-177,-162,0,1,-80
3279,526,515,-1.81,96584.8,67.23,8.16,190242,32.2406,-98.2,287.6,8,-177,-162,0,1,-80
3279,527,516,-1.92,96586,67.24,8.13,190242,32.2406,-98.2,287.6,8,-175,-162,0,1,-80
3279,528,517,-1.76,96584.2,67.24,8.35,190247,32.2406,-98.2,287.6,8,-177,-162,0,1,-80
3279,529,518,-1.91,96585.9,67.25,8.32,190248,32.2406,-98.2,293.6,8,-178,-162,0,1,-80
3279,531,519,-2.06,96587.7,67.25,8.19,190248,32.2406,-98.2,293.6,8,-178,-163,0,1,-81
3279,532,520,-2.02,96587.2,67.25,8.01,190248,32.2406,-98.2,293.6,8,-177,-163,0,1,-81
3279,533,521,-2.05,96587.6,67.26,8.37,190248,32.2406,-98.2,293.6,8,-175,-163,0,1,-81
3279,534,522,-1.91,96585.9,67.25,8.11,190252,32.2406,-98.2,294.7,8,-174,-162,0,1,-81
3279,535,523,-2.46,96592.3,67.27,8.04,190253,32.2406,-98.2,295,8,-150,-162,0,1,-82
3279,536,524,-2.49,96592.7,67.27,8.32,190254,32.2406,-98.2,295.2,8,-109,-163,0,1,-82
3279,537,525,-2.38,96591.4,67.27,8.15,190255,32.2406,-98.2,295.5,8,-109,-162,0,1,-82
3279,538,526,-2.23,96589.6,67.28,8.14,190256,32.2406,-98.2,295.7,8,-178,-162,0,1,-82
3279,539,527,-2.48,96592.6,67.29,8.13,190257,32.2406,-98.2,295.9,8,-151,-163,0,1,-82
3279,540,528,-2.52,96593,67.28,8.34,190259,32.2406,-98.2,296.5,8,-62,-162,0,1,-83
3279,541,529,-1.95,96586.4,67.29,8.1,190259,32.2406,-98.2,296.5,8,-162,-163,0,1,-83
3279,542,530,-1.99,96586.8,67.29,8.31,190301,32.2406,-98.2,297,8,-178,-162,0,1,-82
3279,543,531,-1.8,96584.6,67.29,8.23,190302,32.2406,-98.2,297.2,8,-160,-163,0,1,-83
3279,544,532,-2.06,96587.6,67.3,8.2,190303,32.2406,-98.2,297.5,8,-164,-162,0,1,-83
3279,545,533,-1.83,96584.9,67.3,8.11,190304,32.2406,-98.2,297.9,8,-149,-162,0,1,-84
3279,546,534,-2.09,96588,67.31,8.18,190305,32.2406,-98.2,298.2,8,-170,-163,0,1,-84
3279,547,535,-2.31,96590.5,67.31,8.19,190306,32.2406,-98.2,298.4,8,-171,-162,0,1,-84
3279,548,536,-2.08,96587.9,67.31,8.02,190306,32.2406,-98.2,298.4,8,-176,-163,0,1,-85
3279,549,537,-2.68,96594.9,67.32,8.22,190308,32.2406,-98.2,298.9,8,-149,-163,0,1,-85
3279,550,538,-2.15,96588.7,67.32,8.05,190309,32.2406,-98.2,299.3,8,-178,-163,0,1,-85
3279,551,539,-2.41,96591.8,67.32,8.24,190310,32.2406,-98.2,299.6,8,-179,-163,0,1,-85
3279,552,540,-1.92,96586,67.33,8.2,190311,32.2406,-98.2,299.8,8,-128,-163,0,1,-85
3279,553,541,-1.5,96581.2,67.33,8.12,190312,32.2406,-98.2,299.8,8,-135,-163,0,1,-85
3279,554,542,-1.8,96584.7,67.33,8.27,190313,32.2406,-98.2,300.2,8,-121,-161,0,1,-85
3279,555,543,-1.58,96582.1,67.33,8.21,190314,32.2406,-98.2,300.5,8,-106,-160,0,1,-86
3279,556,544,-2.06,96587.6,67.34,8.24,190315,32.2406,-98.2,300.7,8,-5,-163,0,1,-86
3279,557,545,-1.6,96582.4,67.34,8.08,190316,32.2406,-98.2,301,8,-132,-162,0,1,-87
3279,558,546,-2.13,96588.4,67.35,8.32,190317,32.2406,-98.2,301.2,8,-79,-164,0,1,-87
3279,559,547,-2.21,96589.3,67.35,8.05,190318,32.2406,-98.2,301.5,8,-158,-161,0,1,-87
3279,560,548,-1.94,96586.2,67.35,8.15,190319,32.2406,-98.2,301.7,8,-47,-161,0,1,-87
3279,561,549,-1.78,96584.4,67.36,8.28,190320,32.2406,-98.2,301.7,8,-66,-162,0,1,-87
3279,562,550,-2.04,96587.5,67.36,8.21,190321,32.2406,-98.2,302,8,-57,-158,0,1,-87
3279,563,551,-1.97,96586.6,67.36,8.16,190322,32.2406,-98.2,302.3,8,-82,-163,0,1,-87
3279,564,552,-2.07,96587.8,67.37,8.27,190323,32.2406,-98.2,302.7,8,-45,-162,0,1,-87
3279,565,553,-2,96586.9,67.37,8.27,190324,32.2406,-98.2,303.2,8,-55,-165,0,1,-88
3279,566,554,-1.66,96583,67.37,8.16,190325,32.2406,-98.2,303.4,8,-44,-161,0,1,-87
3279,567,555,-1.12,96576.8,67.37,8.25,190326,32.2406,-98.2,303.8,8,-56,-160,0,1,-88
3279,568,556,-1.42,96580.3,67.38,8.09,190327,32.2406,-98.2,304.2,8,-24,-158,0,1,-88
3279,569,557,-1.57,96582,67.38,8.21,190328,32.2406,-98.2,304.6,8,-65,-161,0,1,-88
3279,570,558,-2.4,96591.6,67.38,8.22,190329,32.2406,-98.2,305.1,8,-53,-162,0,1,-88
3279,571,559,-0.05,96564.4,67.39,8.21,190330,32.2406,-98.2,305.6,8,-82,-163,0,1,-89
3279,572,560,-2.32,96590.6,67.39,8.25,190331,32.2406,-98.2,306,8,-109,-163,0,1,89
3279,573,561,-1.98,96586.7,67.39,8.26,190332,32.2406,-98.2,306.3,8,-111,-163,0,1,89
3279,574,562,-2.05,96587.5,67.4,8.13,190333,32.2406,-98.2,306.7,8,-97,-163,0,1,89
3279,575,563,-1.63,96582.7,67.4,8.24,190334,32.2406,-98.2,307.1,8,-149,-163,0,1,89
3279,576,564,-1.33,96579.2,67.4,8.23,190335,32.2406,-98.2,307.5,8,-52,-161,0,1,89
3279,577,565,-2.01,96587.1,67.4,8.21,190336,32.2406,-98.2,307.9,8,-153,-163,0,1,88
3279,578,566,-2.6,96593.9,67.41,8.12,190337,32.2406,-98.2,308.2,8,-172,-163,0,1,88
3279,579,567,-2.07,96587.8,67.41,8.33,190338,32.2406,-98.2,308.6,8,-173,-162,0,1,87
3279,580,568,-2.04,96587.4,67.41,8.05,190339,32.2406,-98.2,308.9,8,-176,-163,0,1,87
3279,581,569,-2.29,96590.3,67.42,8.25,190340,32.2406,-98.2,309.3,8,-154,-162,0,1,87
3279,582,570,-2.33,96590.7,67.42,8.07,190341,32.2406,-98.2,309.6,8,-151,-161,0,1,87
3279,583,571,-1.8,96584.6,67.43,8.2,190342,32.2406,-98.2,310,8,-103,-164,0,1,87
3279,584,572,-1.91,96585.9,67.43,8.14,190343,32.2406,-98.2,310.5,8,-116,-162,0,1,87
3279,585,573,-1.94,96586.3,67.44,8.27,190344,32.2406,-98.2,310.7,8,-141,-162,0,1,87
3279,586,574,-1.04,96575.8,67.44,8.24,190345,32.2406,-98.2,311.1,8,-4,-160,0,1,87
3279,587,575,-1.11,96576.6,67.44,8.21,190346,32.2406,-98.2,311.5,8,-91,-163,0,1,86
3279,588,576,-1.94,96586.2,67.44,8.32,190347,32.2406,-98.2,311.8,8,-128,-161,0,1,86
3279,589,577,-1.74,96584,67.45,8.07,190348,32.2406,-98.2,312.2,8,-122,-162,0,1,85
3279,590,578,-2.28,96590.2,67.44,8.21,190349,32.2406,-98.2,312.3,8,-142,-163,0,1,85
3279,591,579,-1.85,96585.3,67.45,8.11,190350,32.2406,-98.2,312.6,8,-177,-162,0,1,85
3279,592,580,-1.24,96578.2,67.46,8.14,190351,32.2406,-98.2,312.8,8,-146,-161,0,1,85
3279,593,581,-1.7,96583.5,67.45,8.18,190352,32.2406,-98.2,313.1,8,-121,-163,0,1,84
3279,594,582,-1.54,96581.7,67.46,8.19,190353,32.2406,-98.2,313.5,8,-170,-161,0,1,83
3279,595,583,-2.29,96590.3,67.47,8.19,190354,32.2406,-98.2,313.7,8,-145,-163,0,1,83
3279,596,584,-1.54,96581.6,67.47,8.02,190355,32.2406,-98.2,313.9,8,-178,-162,0,1,83
3279,597,585,-1.15,96577.2,67.48,8.21,190356,32.2406,-98.2,314.1,8,-70,-163,0,1,83
3279,598,586,-1.57,96582,67.47,8.33,190357,32.2406,-98.2,314.4,8,-52,-162,0,1,83
3279,599,587,-1.03,96575.8,67.48,8.35,190358,32.2406,-98.2,314.6,8,-8,-162,0,1,84
3279,600,588,-1.9,96585.8,67.49,8.16,190359,32.2406,-98.2,314.9,8,-128,-160,0,1,82
3279,601,589,-1.14,96577,67.49,8.3,190400,32.2406,-98.2,315.2,8,-164,-162,0,1,82
3279,602,590,-2.16,96588.8,67.49,8.23,190401,32.2406,-98.2,315.5,8,-157,-162,0,1,82
3279,603,591,-2.12,96588.3,67.49,8.24,190402,32.2406,-98.2,315.8,8,-40,-161,0,1,82
3279,604,592,-2.04,96587.4,67.5,8.2,190403,32.2406,-98.2,316,8,-145,-162,0,1,81
3279,605,593,-1.92,96586.1,67.5,8.27,190404,32.2406,-98.2,316.2,8,-81,-163,0,1,81
3279,606,594,-1.58,96582.1,67.5,8.25,190405,32.2406,-98.2,316.5,8,-139,-163,0,1,81
3279,607,595,-1.77,96584.3,67.51,8.04,190406,32.2406,-98.2,316.8,8,-159,-162,0,1,81
3279,608,596,-1.58,96582.1,67.51,8.32,190407,32.2406,-98.2,317.2,8,-156,-163,0,1,80
3279,609,597,-1.8,96584.7,67.51,8.19,190408,32.2406,-98.2,317.6,8,-59,-163,0,1,80
3279,610,598,-1.99,96586.8,67.52,8.07,190409,32.2406,-98.2,318,8,-77,-163,0,1,81
3279,611,599,-0.32,96567.6,67.52,7.99,190410,32.2406,-98.2,318.4,8,-138,-162,0,1,80
3279,612,600,-1.48,96581,67.53,8.14,190411,32.2406,-98.2,318.7,8,16,-162,0,1,80
3279,613,601,-1.56,96581.9,67.53,8.17,190412,32.2406,-98.2,319.1,8,-78,-162,0,1,80
3279,614,602,-0.73,96572.3,67.53,8.23,190413,32.2406,-98.2,319.5,8,-27,-164,0,1,79
3279,615,603,-0.5,96569.6,67.53,8.2,190414,32.2406,-98.2,319.7,8,27,-165,0,1,79
3279,616,604,-1.4,96580.1,67.54,8.31,190415,32.2406,-98.2,320.1,8,-81,-161,0,1,78
3279,617,605,-1.93,96586.2,67.54,8.16,190416,32.2406,-98.2,320.3,8,-116,-162,0,1,78
3279,618,606,-1.39,96579.9,67.55,8.28,190417,32.2406,-98.2,320.6,8,-88,-163,0,1,79
3279,619,607,-1.09,96576.4,67.55,8.21,190418,32.2406,-98.2,320.9,8,-45,-162,0,1,78
3279,620,608,-1.96,96586.5,67.55,8.33,190419,32.2406,-98.2,321.1,8,-161,-162,0,1,78
3279,621,609,-1.2,96577.8,67.55,7.98,190420,32.2406,-98.2,321.5,8,-172,-163,0,1,77
3279,622,610,-1.69,96583.3,67.56,8.14,190421,32.2406,-98.2,321.9,8,-108,-163,0,1,78
3279,623,611,-1.54,96581.6,67.56,8.16,190422,32.2406,-98.2,322.3,8,-121,-163,0,1,77
3279,624,612,-1.35,96579.4,67.56,8.32,190423,32.2406,-98.2,322.5,8,-178,-163,0,1,77
3279,625,613,-1.95,96586.3,67.56,8.29,190424,32.2406,-98.2,322.7,8,-165,-163,0,1,76
3279,626,614,-1.72,96583.7,67.57,8.31,190425,32.2406,-98.2,322.9,8,-175,-162,0,1,76
3279,627,615,-1.9,96585.9,67.57,8.02,190426,32.2406,-98.2,322.9,8,-168,-163,0,1,76
3279,628,616,-2.35,96591,67.57,8.05,190427,32.2406,-98.2,322.9,8,-171,-163,0,1,75
3279,629,617,-2.28,96590.2,67.58,8.09,190428,32.2406,-98.2,322.9,8,-171,-163,0,1,75
3279,630,618,-1.86,96585.3,67.58,8.17,190429,32.2406,-98.2,323.2,8,-147,-163,0,1,74
3279,631,619,-2.08,96587.9,67.58,8.1,190430,32.2406,-98.2,323.5,8,-86,-163,0,1,75
3279,632,620,-1.97,96586.6,67.59,8.27,190431,32.2406,-98.2,323.7,8,-107,-162,0,1,75
3279,633,621,-1.85,96585.3,67.59,8.21,190432,32.2406,-98.2,323.8,8,-133,-162,0,1,75
3279,634,622,-2,96586.9,67.59,8,190433,32.2406,-98.2,324,8,-177,-162,0,1,74
3279,635,623,-1.84,96585.2,67.59,8.19,190434,32.2406,-98.2,324.4,8,-177,-162,0,1,74
3279,636,624,-2.14,96588.6,67.6,8.35,190435,32.2406,-98.2,324.7,8,-179,-163,0,1,74
3279,637,625,-1.99,96586.8,67.6,8.19,190436,32.2406,-98.2,324.9,8,-177,-162,0,1,73
3279,638,626,-1.95,96586.4,67.6,8.2,190437,32.2406,-98.2,325.1,8,-166,-163,0,1,73
3279,639,627,-2.39,96591.5,67.61,8.4,190438,32.2406,-98.2,325.3,8,-147,-163,0,1,73
3279,640,628,-1.68,96583.3,67.61,8.3,190439,32.2406,-98.2,325.5,8,-176,-162,0,1,73
3279,641,629,-2.05,96587.6,67.61,8.11,190440,32.2406,-98.2,325.8,8,-128,-162,0,1,72
3279,642,630,-1.49,96581,67.61,8.16,190441,32.2406,-98.2,326.1,8,-172,-163,0,1,72
3279,643,631,-2.09,96588,67.62,8.14,190442,32.2406,-98.2,326.4,8,-178,-163,0,1,72
3279,644,632,-1.93,96586.2,67.62,8.08,190443,32.2406,-98.2,326.6,8,-177,-163,0,1,71
3279,645,633,-1.93,96586.2,67.62,8.36,190444,32.2406,-98.2,326.6,8,-173,-163,0,1,71
3279,646,634,-2.08,96587.9,67.62,8.26,190445,32.2406,-98.2,326.6,8,-176,-163,0,1,71
3279,647,635,-1.32,96579.2,67.63,8.18,190446,32.2406,-98.2,326.6,8,-175,-163,0,1,71
3279,649,637,-2.11,96588.2,67.63,8.15,190448,32.2406,-98.2,326.6,8,-171,-163,0,1,71
3279,650,638,-1.95,96586.4,67.64,8.14,190449,32.2406,-98.2,326.6,8,-175,-162,0,1,70
3279,651,639,-2.22,96589.5,67.64,8.22,190450,32.2406,-98.2,326.6,8,-178,-162,0,1,70
3279,652,640,-2.06,96587.7,67.65,8.15,190451,32.2406,-98.2,326.6,8,-177,-163,0,1,70
3279,653,641,-2.25,96589.9,67.64,8.1,190452,32.2406,-98.2,326.9,8,-178,-163,0,1,69
3279,654,642,-2.1,96588.1,67.65,8.31,190453,32.2406,-98.2,327.2,8,-178,-162,0,1,69
3279,656,644,-1.68,96583.3,67.65,8.14,190455,32.2406,-98.2,327.5,8,-178,-163,0,1,69
3279,657,645,-1.34,96579.3,67.66,8.21,190456,32.2406,-98.2,327.7,8,-132,-163,0,1,69
3279,659,647,-1.21,96577.9,67.67,8.24,190458,32.2406,-98.2,328.4,8,-115,-163,0,1,69
3279,660,648,-1.33,96579.2,67.67,8.29,190459,32.2406,-98.2,328.7,8,-141,-163,0,1,68
3279,661,649,-1.41,96580.1,67.66,8.25,190500,32.2406,-98.2,329.1,8,-154,-162,0,1,68
3279,662,650,-1.44,96580.4,67.67,8.23,190501,32.2407,-98.2,329.5,8,-159,-162,0,1,67
3279,663,651,-1.47,96580.8,67.68,8.26,190502,32.2406,-98.2,329.7,8,-178,-162,0,1,67
3279,664,652,-1.55,96581.8,67.67,8.34,190503,32.2407,-98.2,329.9,8,-166,-163,0,1,67
3279,665,653,-1.58,96582.1,67.68,8.45,190504,32.2407,-98.2,330.1,8,-168,-163,0,1,67
3279,666,654,-1.54,96581.7,67.68,8.41,190505,32.2407,-98.2,330.4,8,-155,-162,0,1,67
3279,667,655,-1.35,96579.5,67.68,8.12,190506,32.2407,-98.2,330.7,8,-105,-164,0,1,66
3279,668,656,-1.12,96576.8,67.68,8.35,190507,32.2407,-98.2,331.1,8,-176,-163,0,1,66
3279,669,657,-1.3,96578.9,67.7,8.17,190508,32.2407,-98.2,331.5,8,-148,-162,0,1,66
3279,670,658,-1.34,96579.3,67.7,8.35,190509,32.2407,-98.2,331.8,8,-178,-162,0,1,65
3279,671,659,-1.6,96582.4,67.7,8.36,190510,32.2407,-98.2,332.1,8,-179,-162,0,1,65
3279,672,660,-1.74,96584,67.71,8.35,190511,32.2407,-98.2,332.3,8,-178,-163,0,1,65
3279,673,661,-1.79,96584.5,67.71,8.4,190512,32.2407,-98.2,332.3,8,-167,-162,0,1,65
3279,723,711,-1.11,96576.7,67.87,8.14,190602,32.2407,-98.2,342.6,8,-177,-162,0,1,53
3279,724,712,-1.68,96583.3,67.87,8.15,190603,32.2407,-98.2,342.6,8,-177,-163,0,1,53
3279,725,713,-1.46,96580.7,67.87,8.35,190604,32.2407,-98.2,343,8,-178,-163,0,1,53
3279,726,714,-1.79,96584.5,67.88,8.11,190604,32.2407,-98.2,343,8,-178,-163,0,1,53
3279,727,715,-1.52,96581.4,67.88,8.13,190604,32.2407,-98.2,343,8,-178,-163,0,1,54
3279,728,716,-1.33,96579.2,67.88,7.94,190607,32.2407,-98.2,343,8,-178,-163,0,1,54
3279,729,717,-1.48,96580.9,67.89,8.28,190608,32.2407,-98.2,343,8,-178,-162,0,1,54
3279,730,718,-1.63,96582.7,67.89,8.05,190608,32.2407,-98.2,343,8,-178,-163,0,1,53
3279,731,719,-1.52,96581.4,67.89,8.29,190608,32.2407,-98.2,343,8,-178,-162,0,1,53
3279,732,720,-1.59,96582.2,67.89,8.11,190608,32.2407,-98.2,343,8,-178,-163,0,1,53
3279,733,721,-1.33,96579.2,67.89,8.32,190612,32.2407,-98.2,343,8,-177,-163,0,1,53
3279,734,722,-1.73,96583.8,67.9,8.29,190612,32.2407,-98.2,343,8,-178,-163,0,1,53
3279,735,723,-1.31,96579,67.91,8.2,190612,32.2407,-98.2,343,8,-178,-163,0,1,53
3279,736,724,-1.38,96579.8,67.91,8.32,190612,32.2407,-98.2,343,8,-177,-162,0,1,53
3279,737,725,-1.12,96576.8,67.91,8.23,190612,32.2407,-98.2,343,8,-177,-162,0,1,53
3279,738,726,-1.53,96581.6,67.91,8.19,190617,32.2407,-98.2,343,8,-178,-163,0,1,53
3279,740,727,-1.07,96576.2,67.92,8.14,190618,32.2407,-98.2,343.2,8,-178,-163,0,1,53
3279,741,728,-1.41,96580.2,67.92,8.37,190618,32.2407,-98.2,343.2,8,-174,-162,0,1,53
3279,742,729,-1.3,96578.9,67.92,8.09,190618,32.2407,-98.2,343.2,8,-174,-162,0,1,53
3279,743,730,-1.14,96577.1,67.93,8.19,190618,32.2407,-98.2,343.2,8,-176,-162,0,1,54
3279,744,731,-1.52,96581.4,67.93,8.15,190622,32.2407,-98.2,343.3,8,-139,-162,0,1,53
3279,745,732,-0.61,96570.9,67.93,8.2,190622,32.2407,-98.2,343.3,8,-148,-162,0,1,53
3279,746,733,-1.4,96580,67.94,8.13,190622,32.2407,-98.2,343.3,8,-151,-163,0,1,53
3279,747,734,-0.41,96568.6,67.94,8.04,190622,32.2407,-98.2,343.3,8,-143,-162,0,1,53
3279,748,735,-0.71,96572.1,67.94,8.27,190626,32.2407,-98.2,343.4,8,-150,-162,0,1,53
3279,749,736,-1.17,96577.3,67.94,8.09,190628,32.2407,-98.2,343.4,8,-96,-163,0,1,53
3279,750,737,-1.09,96576.4,67.95,8.21,190628,32.2407,-98.2,343.4,8,-153,-162,0,1,53
3279,751,738,-1.5,96581.2,67.95,8.11,190629,32.2407,-98.2,343.4,8,-178,-163,0,1,53
3279,752,739,-0.97,96575.1,67.95,8.32,190630,32.2407,-98.2,343.4,8,-101,-163,0,1,53
3279,753,740,-1.31,96579,67.95,8.08,190631,32.2407,-98.2,343.4,8,-167,-162,0,1,53
3279,754,741,-0.89,96574.1,67.96,8.17,190632,32.2407,-98.2,343.5,8,-146,-162,0,1,53
3279,755,742,-0.93,96574.6,67.96,8.16,190634,32.2407,-98.2,343.5,8,-176,-163,0,1,53
3279,756,743,-1.23,96578,67.96,8.21,190635,32.2407,-98.2,343.5,8,-177,-163,0,1,52
3279,757,744,-0.47,96569.3,67.97,7.91,190636,32.2407,-98.2,343.5,8,-178,-163,0,1,52
3279,758,745,-1.22,96577.9,67.97,8.25,190637,32.2407,-98.2,343.5,8,-177,-163,0,1,53
3279,759,746,-0.61,96570.9,67.97,8.34,190638,32.2407,-98.2,343.6,8,-176,-162,0,1,53
3279,760,747,-1.29,96578.8,67.98,8.36,190639,32.2407,-98.2,343.6,8,-175,-162,0,1,53
3279,761,748,-0.08,96564.7,67.98,8.21,190640,32.2407,-98.2,343.6,8,-170,-162,0,1,52
3279,762,749,-1.17,96577.4,67.98,8.31,190640,32.2407,-98.2,343.6,8,-177,-163,0,1,52
3279,763,750,-1.28,96578.7,67.98,8.05,190642,32.2407,-98.2,343.7,8,-178,-163,0,1,52
3279,764,751,-0.9,96574.3,67.99,8.13,190643,32.2407,-98.2,343.7,8,-178,-163,0,1,52
3279,765,752,-0.79,96572.9,67.99,8.33,190644,32.2407,-98.2,343.7,8,-178,-162,0,1,52
3279,766,753,-0.55,96570.3,67.99,8.34,190645,32.2407,-98.2,343.7,8,-177,-162,0,1,52
3279,767,754,-1.12,96576.8,67.99,8.36,190646,32.2407,-98.2,343.7,8,-175,-162,0,1,52
3279,768,755,-1.19,96577.6,68,8.14,190647,32.2407,-98.2,343.7,8,-178,-162,0,1,52
3279,769,756,-0.7,96571.9,68,8.21,190648,32.2407,-98.2,343.7,8,-178,-162,0,1,52
3279,770,757,-0.47,96569.3,68,8.14,190649,32.2407,-98.2,343.7,8,-171,-163,0,1,52
3279,771,758,-0.32,96567.6,68,8.05,190650,32.2407,-98.2,343.7,8,-172,-162,0,1,52
3279,772,759,-0.54,96570.1,68.01,8.18,190651,32.2407,-98.2,343.7,8,-162,-163,0,1,52
3279,773,760,-0.24,96566.6,68.01,8.24,190652,32.2407,-98.2,344,8,-149,-163,0,1,52
3279,774,761,-0.91,96574.4,68.02,8.18,190653,32.2407,-98.2,344.3,8,-177,-162,0,1,52
3279,775,762,-0.54,96570,68.02,8.07,190654,32.2407,-98.2,344.5,8,-178,-162,0,1,52
3279,776,763,-0.49,96569.6,68.02,8.35,190655,32.2407,-98.2,344.8,8,-177,-162,0,1,52
3279,777,764,-1.47,96580.9,68.03,8.22,190656,32.2407,-98.2,345,8,-179,-163,0,1,52
3279,778,765,-0.9,96574.3,68.03,8.22,190657,32.2407,-98.2,345.3,8,-178,-162,0,1,52
3279,779,766,-0.52,96569.9,68.03,8.27,190658,32.2407,-98.2,345.3,8,-178,-162,0,1,52
3279,780,767,-0.75,96572.5,68.03,8.34,190659,32.2407,-98.2,345.3,8,-150,-162,0,1,52
3279,781,768,-1.43,96580.4,68.03,8.18,190700,32.2407,-98.2,345.3,8,-170,-163,0,1,52
3279,782,769,-0.55,96570.3,68.03,8.26,190701,32.2407,-98.2,345.3,8,-176,-162,0,1,52
3279,783,770,-0.36,96568,68.04,8.36,190702,32.2407,-98.2,345.3,8,-175,-162,0,1,53
3279,784,771,0.58,96557.1,68.04,8.25,190703,32.2407,-98.2,345.3,8,-24,-131,0,1,22
3279,788,773,461.42,91351.4,68.05,8.05,190706,-1,-1,-1,1,-8,14,0,2,-1
3279,789,775,563.7,90227.3,68.06,8.27,190708,-1,-1,-1,2,-10,17,0,2,-1
3279,790,776,622.85,89582.4,68.07,8.11,190709,-1,-1,-1,2,-10,11,0,2,-1
3279,791,777,653.91,89245.3,68.08,8.05,190710,-1,-1,-1,2,-8,19,0,3,-1
3279,795,778,710.94,88629,68.1,8.11,190714,-1,-1,-1,4,-50,-24,0,3,-1
3279,806,779,567.79,90182.6,66.66,8.18,190725,-1,-1,-1,0,70,39,0,3,-1
3279,811,780,475.59,91194.9,66.25,8.27,190730,-1,-1,-1,6,-3,73,0,4,-1
3279,812,781,464.29,91319.6,66.16,8.19,190730,-1,-1,-1,6,-121,60,0,4,-1
3279,813,782,450.77,91468.9,66.1,8.27,190731,-1,-1,-1,6,-116,23,0,4,-1
3279,814,783,434.85,91645.1,66.04,8.32,190732,-1,-1,-1,8,-134,110,0,4,17
3279,819,784,355.24,92530.1,65.71,8.43,190738,-1,-1,-1,1,-50,49,0,4,-1
3279,826,785,250.3,93707.2,65.29,7.91,190746,-1,-1,-1,0,38,-22,0,4,-1
3279,827,786,235.16,93878.1,65.19,8.32,190746,-1,-1,-1,0,-31,-115,0,4,-1
3279,828,787,222.35,94022.8,65.22,8.44,190746,-1,-1,-1,6,159,79,0,4,-1
3279,829,788,216.56,94088.3,65.2,8.33,190748,32.2443,-98.1993,-1,6,115,72,0,4,-1
3279,830,789,202.49,94247.5,65.15,8.35,190749,32.2445,-98.1989,345.3,6,114,78,0,4,-1
3279,831,790,194.16,94341.9,65.1,8.31,190750,32.2447,-98.1988,344.4,7,65,95,0,4,-1
3279,832,791,185.2,94443.5,65.04,8.09,190751,32.2448,-98.1988,338.1,7,114,92,0,4,-1
3279,833,792,178.61,94518.3,64.96,8.38,190752,32.2449,-98.1988,331.2,7,-9,79,0,4,-1
3279,834,793,169.63,94620.3,64.9,8.04,190753,32.245,-98.199,315.6,7,117,109,0,4,-1
3279,835,794,154.66,94790.6,64.83,8.1,190754,32.2451,-98.1989,312,7,54,105,0,4,-1
3279,836,795,143.81,94914.1,64.82,8.43,190755,32.2452,-98.1992,310,7,80,96,0,4,-1
3279,837,796,133.03,95037,64.75,8.36,190756,32.2454,-98.1994,303.9,8,101,88,0,4,-1
3279,838,797,121.88,95164.2,64.73,8.36,190757,32.2455,-98.1996,315.3,8,198,44,0,4,47
3279,841,798,73.04,95723.1,64.58,8.65,190801,-1,-1,-1,1,54,13,0,4,-1
3279,842,799,66.93,95793.2,64.52,8.61,190801,-1,-1,-1,1,151,69,0,4,-1
3279,843,800,53.16,95951.3,64.43,8.55,190802,-1,-1,-1,7,91,95,0,4,-1
3279,844,801,45.88,96035,64.35,8.61,190803,32.2464,-98.1998,-1,7,153,67,0,4,-1
3279,845,802,26.22,96261.3,64.3,8.55,190804,32.2465,-98.1998,357.6,8,106,67,0,4,-1
